Name,Year,Duration,Genres,IMDB,Director,Lead,Votes_per_K,Gross_per_M,Metascore,Decade
The Shawshank Redemption,1994,142,Drama,9.3,Frank Darabont,Tim Robbins,2343.11,28.34,80,1990
The Godfather,1972,175,Crime,9.2,Francis Ford Coppola,Marlon Brando,1620.367,134.97,100,1970
The Dark Knight,2008,152,Action,9.0,Christopher Nolan,Christian Bale,2303.232,534.86,84,2000
The Godfather: Part II,1974,202,Crime,9.0,Francis Ford Coppola,Al Pacino,1129.952,57.3,90,1970
12 Angry Men,1957,96,Crime,9.0,Sidney Lumet,Henry Fonda,689.845,4.36,96,1950
The Lord of the Rings: The Return of the King,2003,201,Action,8.9,Peter Jackson,Elijah Wood,1642.758,377.85,94,2000
Pulp Fiction,1994,154,Crime,8.9,Quentin Tarantino,John Travolta,1826.188,107.93,94,1990
Schindler's List,1993,195,Biography,8.9,Steven Spielberg,Liam Neeson,1213.505,96.9,94,1990
Inception,2010,148,Action,8.8,Christopher Nolan,Leonardo DiCaprio,2067.042,292.58,74,2010
Fight Club,1999,139,Drama,8.8,David Fincher,Brad Pitt,1854.74,37.03,66,1990
The Lord of the Rings: The Fellowship of the Ring,2001,178,Action,8.8,Peter Jackson,Elijah Wood,1661.481,315.54,92,2000
Forrest Gump,1994,142,Drama,8.8,Robert Zemeckis,Tom Hanks,1809.221,330.25,82,1990
"Il buono, il brutto, il cattivo",1966,161,Western,8.8,Sergio Leone,Clint Eastwood,688.39,6.1,90,1960
The Lord of the Rings: The Two Towers,2002,179,Action,8.7,Peter Jackson,Elijah Wood,1485.555,342.55,87,2000
The Matrix,1999,136,Action,8.7,Lana Wachowski,Lilly Wachowski,1676.426,171.48,73,1990
Goodfellas,1990,146,Biography,8.7,Martin Scorsese,Robert De Niro,1020.727,46.84,90,1990
Star Wars: Episode V - The Empire Strikes Back,1980,124,Action,8.7,Irvin Kershner,Mark Hamill,1159.315,290.48,82,1980
One Flew Over the Cuckoo's Nest,1975,133,Drama,8.7,Milos Forman,Jack Nicholson,918.088,112.0,83,1970
Hamilton,2020,160,Biography,8.6,Thomas Kail,Lin-Manuel Miranda,55.291,440.98,90,2020
Gisaengchung,2019,132,Comedy,8.6,Bong Joon Ho,Kang-ho Song,552.778,53.37,96,2010
Soorarai Pottru,2020,153,Drama,8.6,Sudha Kongara,Suriya,54.995,556.83,79,2020
Interstellar,2014,169,Adventure,8.6,Christopher Nolan,Matthew McConaughey,1512.36,188.02,74,2010
Cidade de Deus,2002,130,Crime,8.6,Fernando Meirelles,Kátia Lund,699.256,7.56,79,2000
Sen to Chihiro no kamikakushi,2001,125,Animation,8.6,Hayao Miyazaki,Daveigh Chase,651.376,10.06,96,2000
Saving Private Ryan,1998,169,Drama,8.6,Steven Spielberg,Tom Hanks,1235.804,216.54,91,1990
The Green Mile,1999,189,Crime,8.6,Frank Darabont,Tom Hanks,1147.794,136.8,61,1990
La vita è bella,1997,116,Comedy,8.6,Roberto Benigni,Roberto Benigni,623.629,57.6,59,1990
Se7en,1995,127,Crime,8.6,David Fincher,Morgan Freeman,1445.096,100.13,65,1990
The Silence of the Lambs,1991,118,Crime,8.6,Jonathan Demme,Jodie Foster,1270.197,130.74,85,1990
Star Wars,1977,121,Action,8.6,George Lucas,Mark Hamill,1231.473,322.74,90,1970
Seppuku,1962,133,Action,8.6,Masaki Kobayashi,Tatsuya Nakadai,42.004,373.98,85,1960
Shichinin no samurai,1954,207,Action,8.6,Akira Kurosawa,Toshirô Mifune,315.744,0.27,98,1950
It's a Wonderful Life,1946,130,Drama,8.6,Frank Capra,James Stewart,405.801,82.39,89,1940
Joker,2019,122,Crime,8.5,Todd Phillips,Joaquin Phoenix,939.252,335.45,59,2010
Whiplash,2014,106,Drama,8.5,Damien Chazelle,Miles Teller,717.585,13.09,88,2010
The Intouchables,2011,112,Biography,8.5,Olivier Nakache,Éric Toledano,760.36,13.18,57,2010
The Prestige,2006,130,Drama,8.5,Christopher Nolan,Christian Bale,1190.259,53.09,66,2000
The Departed,2006,151,Crime,8.5,Martin Scorsese,Leonardo DiCaprio,1189.773,132.38,85,2000
The Pianist,2002,150,Biography,8.5,Roman Polanski,Adrien Brody,729.603,32.57,85,2000
Gladiator,2000,155,Action,8.5,Ridley Scott,Russell Crowe,1341.46,187.71,67,2000
American History X,1998,119,Drama,8.5,Tony Kaye,Edward Norton,1034.705,6.72,62,1990
The Usual Suspects,1995,106,Crime,8.5,Bryan Singer,Kevin Spacey,991.208,23.34,77,1990
Léon,1994,110,Action,8.5,Luc Besson,Jean Reno,1035.236,19.5,64,1990
The Lion King,1994,88,Animation,8.5,Roger Allers,Rob Minkoff,942.045,422.78,88,1990
Terminator 2: Judgment Day,1991,137,Action,8.5,James Cameron,Arnold Schwarzenegger,995.506,204.84,75,1990
Nuovo Cinema Paradiso,1988,155,Drama,8.5,Giuseppe Tornatore,Philippe Noiret,230.763,11.99,80,1980
Hotaru no haka,1988,89,Animation,8.5,Isao Takahata,Tsutomu Tatsumi,235.231,150.73,94,1980
Back to the Future,1985,116,Adventure,8.5,Robert Zemeckis,Michael J. Fox,1058.081,210.61,87,1980
Once Upon a Time in the West,1968,165,Western,8.5,Sergio Leone,Henry Fonda,302.844,5.32,80,1960
Psycho,1960,109,Horror,8.5,Alfred Hitchcock,Anthony Perkins,604.211,32.0,97,1960
Casablanca,1942,102,Drama,8.5,Michael Curtiz,Humphrey Bogart,522.093,1.02,100,1940
Modern Times,1936,87,Comedy,8.5,Charles Chaplin,Charles Chaplin,217.881,0.16,96,1930
City Lights,1931,87,Comedy,8.5,Charles Chaplin,Charles Chaplin,167.839,0.02,99,1930
Capharnaüm,2018,126,Drama,8.4,Nadine Labaki,Zain Al Rafeea,62.635,1.66,75,2010
Ayla: The Daughter of War,2017,125,Biography,8.4,Can Ulkay,Erdem Can,34.112,679.28,79,2010
Vikram Vedha,2017,147,Action,8.4,Gayatri,Pushkar,28.401,357.6,79,2010
Kimi no na wa.,2016,106,Animation,8.4,Makoto Shinkai,Ryûnosuke Kamiki,194.838,5.02,79,2010
Dangal,2016,161,Action,8.4,Nitesh Tiwari,Aamir Khan,156.479,12.39,79,2010
Spider-Man: Into the Spider-Verse,2018,117,Animation,8.4,Bob Persichetti,Peter Ramsey,375.11,190.24,87,2010
Avengers: Endgame,2019,181,Action,8.4,Anthony Russo,Joe Russo,809.955,858.37,78,2010
Avengers: Infinity War,2018,149,Action,8.4,Anthony Russo,Joe Russo,834.477,678.82,68,2010
Coco,2017,105,Animation,8.4,Lee Unkrich,Adrian Molina,384.171,209.73,81,2010
Django Unchained,2012,165,Drama,8.4,Quentin Tarantino,Jamie Foxx,1357.682,162.81,81,2010
The Dark Knight Rises,2012,164,Action,8.4,Christopher Nolan,Christian Bale,1516.346,448.14,78,2010
3 Idiots,2009,170,Comedy,8.4,Rajkumar Hirani,Aamir Khan,344.445,6.53,67,2000
Taare Zameen Par,2007,165,Drama,8.4,Aamir Khan,Amole Gupte,168.895,1.22,79,2000
WALL·E,2008,98,Animation,8.4,Andrew Stanton,Ben Burtt,999.79,223.81,95,2000
The Lives of Others,2006,137,Drama,8.4,Florian Henckel von Donnersmarck,Ulrich Mühe,358.685,11.29,89,2000
Oldeuboi,2003,101,Action,8.4,Chan-wook Park,Choi Min-sik,515.451,0.71,77,2000
Memento,2000,113,Mystery,8.4,Christopher Nolan,Guy Pearce,1125.712,25.54,80,2000
Mononoke-hime,1997,134,Animation,8.4,Hayao Miyazaki,Yôji Matsuda,343.171,2.38,76,1990
Once Upon a Time in America,1984,229,Crime,8.4,Sergio Leone,Robert De Niro,311.365,5.32,79,1980
Raiders of the Lost Ark,1981,115,Action,8.4,Steven Spielberg,Harrison Ford,884.112,248.16,85,1980
The Shining,1980,146,Drama,8.4,Stanley Kubrick,Jack Nicholson,898.237,44.02,66,1980
Apocalypse Now,1979,147,Drama,8.4,Francis Ford Coppola,Martin Sheen,606.398,83.47,94,1970
Alien,1979,117,Horror,8.4,Ridley Scott,Sigourney Weaver,787.806,78.9,89,1970
Anand,1971,122,Drama,8.4,Hrishikesh Mukherjee,Rajesh Khanna,30.273,472.5,79,1970
Tengoku to jigoku,1963,143,Crime,8.4,Akira Kurosawa,Toshirô Mifune,34.357,620.36,79,1960
Dr. Strangelove or: How I Learned to Stop Worrying and Love the Bomb,1964,95,Comedy,8.4,Stanley Kubrick,Peter Sellers,450.474,0.28,97,1960
Witness for the Prosecution,1957,116,Crime,8.4,Billy Wilder,Tyrone Power,108.862,8.18,79,1950
Paths of Glory,1957,88,Drama,8.4,Stanley Kubrick,Kirk Douglas,178.092,518.31,90,1950
Rear Window,1954,112,Mystery,8.4,Alfred Hitchcock,James Stewart,444.074,36.76,100,1950
Sunset Blvd.,1950,110,Drama,8.4,Billy Wilder,William Holden,201.632,506.06,79,1950
The Great Dictator,1940,125,Comedy,8.4,Charles Chaplin,Charles Chaplin,203.15,0.29,79,1940
1917,2019,119,Drama,8.3,Sam Mendes,Dean-Charles Chapman,425.844,159.23,78,2010
Tumbbad,2018,104,Drama,8.3,Rahi Anil Barve,Anand Gandhi,27.793,755.67,79,2010
Andhadhun,2018,139,Crime,8.3,Sriram Raghavan,Ayushmann Khurrana,71.875,1.37,79,2010
Drishyam,2013,160,Crime,8.3,Jeethu Joseph,Mohanlal,30.722,11.34,79,2010
Jagten,2012,115,Drama,8.3,Thomas Vinterberg,Mads Mikkelsen,281.623,0.69,77,2010
Jodaeiye Nader az Simin,2011,123,Drama,8.3,Asghar Farhadi,Payman Maadi,220.002,7.1,95,2010
Incendies,2010,131,Drama,8.3,Denis Villeneuve,Lubna Azabal,150.023,6.86,80,2010
Miracle in cell NO.7,2019,132,Drama,8.3,Mehmet Ada Öztekin,Aras Bulut Iynemli,33.935,846.78,79,2010
Babam ve Oglum,2005,112,Drama,8.3,Çagan Irmak,Çetin Tekindor,78.925,461.86,79,2000
Inglourious Basterds,2009,153,Adventure,8.3,Quentin Tarantino,Brad Pitt,1267.869,120.54,69,2000
Eternal Sunshine of the Spotless Mind,2004,108,Drama,8.3,Michel Gondry,Jim Carrey,911.664,34.4,89,2000
Amélie,2001,122,Comedy,8.3,Jean-Pierre Jeunet,Audrey Tautou,703.81,33.23,69,2000
Snatch,2000,104,Comedy,8.3,Guy Ritchie,Jason Statham,782.001,30.33,55,2000
Requiem for a Dream,2000,102,Drama,8.3,Darren Aronofsky,Ellen Burstyn,766.87,3.64,68,2000
American Beauty,1999,122,Drama,8.3,Sam Mendes,Kevin Spacey,1069.738,130.1,84,1990
Good Will Hunting,1997,126,Drama,8.3,Gus Van Sant,Robin Williams,861.606,138.43,70,1990
Bacheha-Ye aseman,1997,89,Drama,8.3,Majid Majidi,Mohammad Amir Naji,65.341,0.93,77,1990
Toy Story,1995,81,Animation,8.3,John Lasseter,Tom Hanks,887.429,191.8,95,1990
Braveheart,1995,178,Biography,8.3,Mel Gibson,Mel Gibson,959.181,75.6,68,1990
Reservoir Dogs,1992,99,Crime,8.3,Quentin Tarantino,Harvey Keitel,918.562,2.83,79,1990
Full Metal Jacket,1987,116,Drama,8.3,Stanley Kubrick,Matthew Modine,675.146,46.36,76,1980
Idi i smotri,1985,142,Drama,8.3,Elem Klimov,Aleksey Kravchenko,59.056,728.42,79,1980
Aliens,1986,137,Action,8.3,James Cameron,Sigourney Weaver,652.719,85.16,84,1980
Amadeus,1984,160,Biography,8.3,Milos Forman,F. Murray Abraham,369.007,51.97,88,1980
Scarface,1983,170,Crime,8.3,Brian De Palma,Al Pacino,740.911,45.6,65,1980
Star Wars: Episode VI - Return of the Jedi,1983,131,Action,8.3,Richard Marquand,Mark Hamill,950.47,309.13,58,1980
Das Boot,1981,149,Adventure,8.3,Wolfgang Petersen,Jürgen Prochnow,231.855,11.49,86,1980
Taxi Driver,1976,114,Crime,8.3,Martin Scorsese,Robert De Niro,724.636,28.26,94,1970
The Sting,1973,129,Comedy,8.3,George Roy Hill,Paul Newman,241.513,159.6,83,1970
A Clockwork Orange,1971,136,Crime,8.3,Stanley Kubrick,Malcolm McDowell,757.904,6.21,77,1970
2001: A Space Odyssey,1968,149,Adventure,8.3,Stanley Kubrick,Keir Dullea,603.517,56.95,84,1960
Per qualche dollaro in più,1965,132,Western,8.3,Sergio Leone,Clint Eastwood,232.772,15.0,74,1960
Lawrence of Arabia,1962,228,Adventure,8.3,David Lean,Peter O'Toole,268.085,44.82,100,1960
The Apartment,1960,125,Comedy,8.3,Billy Wilder,Jack Lemmon,164.363,18.6,94,1960
North by Northwest,1959,136,Adventure,8.3,Alfred Hitchcock,Cary Grant,299.198,13.28,98,1950
Vertigo,1958,128,Mystery,8.3,Alfred Hitchcock,James Stewart,364.368,3.2,100,1950
Singin' in the Rain,1952,103,Comedy,8.3,Stanley Donen,Gene Kelly,218.957,8.82,99,1950
Ikiru,1952,143,Drama,8.3,Akira Kurosawa,Takashi Shimura,68.463,0.06,79,1950
Ladri di biciclette,1948,89,Drama,8.3,Vittorio De Sica,Lamberto Maggiorani,146.427,0.33,79,1940
Double Indemnity,1944,107,Crime,8.3,Billy Wilder,Fred MacMurray,143.525,5.72,95,1940
Citizen Kane,1941,119,Drama,8.3,Orson Welles,Orson Welles,403.351,1.59,100,1940
M - Eine Stadt sucht einen Mörder,1931,117,Crime,8.3,Fritz Lang,Peter Lorre,143.434,0.03,79,1930
Metropolis,1927,153,Drama,8.3,Fritz Lang,Brigitte Helm,159.992,1.24,98,1920
The Kid,1921,68,Comedy,8.3,Charles Chaplin,Charles Chaplin,113.314,5.45,79,1920
Chhichhore,2019,143,Comedy,8.2,Nitesh Tiwari,Sushant Singh Rajput,33.893,0.9,79,2010
Uri: The Surgical Strike,2018,138,Action,8.2,Aditya Dhar,Vicky Kaushal,43.444,4.19,79,2010
K.G.F: Chapter 1,2018,156,Action,8.2,Prashanth Neel,Yash,36.68,811.88,79,2010
Green Book,2018,130,Biography,8.2,Peter Farrelly,Viggo Mortensen,377.884,85.08,69,2010
"Three Billboards Outside Ebbing, Missouri",2017,115,Comedy,8.2,Martin McDonagh,Frances McDormand,432.61,54.51,88,2010
Talvar,2015,132,Crime,8.2,Meghna Gulzar,Irrfan Khan,31.142,0.34,79,2010
Baahubali 2: The Conclusion,2017,167,Action,8.2,S.S. Rajamouli,Prabhas,75.348,20.19,79,2010
Klaus,2019,96,Animation,8.2,Sergio Pablos,Carlos Martínez López,104.761,148.6,65,2010
Drishyam,2015,163,Crime,8.2,Nishikant Kamat,Ajay Devgn,70.367,0.74,79,2010
Queen,2013,146,Adventure,8.2,Vikas Bahl,Kangana Ranaut,60.701,1.43,79,2010
Mandariinid,2013,87,Drama,8.2,Zaza Urushadze,Lembit Ulfsak,40.382,0.14,73,2010
Bhaag Milkha Bhaag,2013,186,Biography,8.2,Rakeysh Omprakash Mehra,Farhan Akhtar,61.137,1.63,79,2010
Gangs of Wasseypur,2012,321,Action,8.2,Anurag Kashyap,Manoj Bajpayee,82.365,5.26,89,2010
Udaan,2010,134,Drama,8.2,Vikramaditya Motwane,Rajat Barmecha,42.341,0.01,79,2010
Paan Singh Tomar,2012,135,Action,8.2,Tigmanshu Dhulia,Irrfan Khan,33.237,0.04,79,2010
El secreto de sus ojos,2009,129,Drama,8.2,Juan José Campanella,Ricardo Darín,193.217,6.39,80,2000
Warrior,2011,140,Action,8.2,Gavin O'Connor,Tom Hardy,435.95,13.66,71,2010
Shutter Island,2010,138,Mystery,8.2,Martin Scorsese,Leonardo DiCaprio,1129.894,128.01,63,2010
Up,2009,96,Animation,8.2,Pete Docter,Bob Peterson,935.507,293.0,88,2000
The Wolf of Wall Street,2013,180,Biography,8.2,Martin Scorsese,Leonardo DiCaprio,1187.498,116.9,75,2010
Chak De! India,2007,153,Drama,8.2,Shimit Amin,Shah Rukh Khan,74.129,1.11,68,2000
There Will Be Blood,2007,158,Drama,8.2,Paul Thomas Anderson,Daniel Day-Lewis,517.359,40.22,93,2000
Pan's Labyrinth,2006,118,Drama,8.2,Guillermo del Toro,Ivana Baquero,618.623,37.63,98,2000
Toy Story 3,2010,103,Animation,8.2,Lee Unkrich,Tom Hanks,757.032,415.0,92,2010
V for Vendetta,2005,132,Action,8.2,James McTeigue,Hugo Weaving,1032.749,70.51,62,2000
Rang De Basanti,2006,167,Comedy,8.2,Rakeysh Omprakash Mehra,Aamir Khan,111.937,2.2,79,2000
Black,2005,122,Drama,8.2,Sanjay Leela Bhansali,Amitabh Bachchan,33.354,0.73,79,2000
Batman Begins,2005,140,Action,8.2,Christopher Nolan,Christian Bale,1308.302,206.85,70,2000
"Swades: We, the People",2004,210,Drama,8.2,Ashutosh Gowariker,Shah Rukh Khan,83.005,1.22,79,2000
Der Untergang,2004,156,Biography,8.2,Oliver Hirschbiegel,Bruno Ganz,331.308,5.51,82,2000
Hauru no ugoku shiro,2004,119,Animation,8.2,Hayao Miyazaki,Chieko Baishô,333.915,4.71,80,2000
A Beautiful Mind,2001,135,Biography,8.2,Ron Howard,Russell Crowe,848.92,170.74,72,2000
Hera Pheri,2000,156,Action,8.2,Priyadarshan,Akshay Kumar,57.057,177.9,79,2000
"Lock, Stock and Two Smoking Barrels",1998,107,Action,8.2,Guy Ritchie,Jason Flemyng,535.216,3.9,66,1990
L.A. Confidential,1997,138,Crime,8.2,Curtis Hanson,Kevin Spacey,531.967,64.62,90,1990
Eskiya,1996,128,Crime,8.2,Yavuz Turgul,Sener Sen,64.118,764.48,79,1990
Heat,1995,170,Crime,8.2,Michael Mann,Al Pacino,577.113,67.44,76,1990
Casino,1995,178,Crime,8.2,Martin Scorsese,Robert De Niro,466.276,42.44,73,1990
Andaz Apna Apna,1994,160,Action,8.2,Rajkumar Santoshi,Aamir Khan,49.3,213.35,79,1990
Unforgiven,1992,130,Drama,8.2,Clint Eastwood,Clint Eastwood,375.935,101.16,85,1990
Indiana Jones and the Last Crusade,1989,127,Action,8.2,Steven Spielberg,Harrison Ford,692.366,197.17,65,1980
Dom za vesanje,1988,142,Comedy,8.2,Emir Kusturica,Davor Dujmovic,26.402,0.28,79,1980
Tonari no Totoro,1988,86,Animation,8.2,Hayao Miyazaki,Hitoshi Takagi,291.18,1.11,86,1980
Die Hard,1988,132,Action,8.2,John McTiernan,Bruce Willis,793.164,83.01,72,1980
Ran,1985,162,Action,8.2,Akira Kurosawa,Tatsuya Nakadai,112.505,4.14,96,1980
Raging Bull,1980,129,Biography,8.2,Martin Scorsese,Robert De Niro,321.86,23.38,89,1980
Stalker,1979,162,Drama,8.2,Andrei Tarkovsky,Alisa Freyndlikh,116.945,0.23,79,1970
Höstsonaten,1978,99,Drama,8.2,Ingmar Bergman,Ingrid Bergman,26.875,231.95,79,1970
The Message,1976,177,Biography,8.2,Moustapha Akkad,Anthony Quinn,43.885,216.43,79,1970
Sholay,1975,204,Action,8.2,Ramesh Sippy,Sanjeev Kumar,51.284,932.07,79,1970
Monty Python and the Holy Grail,1975,91,Adventure,8.2,Terry Gilliam,Terry Jones,500.875,1.23,91,1970
The Great Escape,1963,172,Adventure,8.2,John Sturges,Steve McQueen,224.73,12.1,86,1960
To Kill a Mockingbird,1962,129,Crime,8.2,Robert Mulligan,Gregory Peck,293.811,504.34,88,1960
Yôjinbô,1961,110,Action,8.2,Akira Kurosawa,Toshirô Mifune,111.244,474.52,79,1960
Judgment at Nuremberg,1961,179,Drama,8.2,Stanley Kramer,Spencer Tracy,69.458,867.59,60,1960
Some Like It Hot,1959,121,Comedy,8.2,Billy Wilder,Marilyn Monroe,243.943,25.0,98,1950
Smultronstället,1957,91,Drama,8.2,Ingmar Bergman,Victor Sjöström,96.381,144.26,88,1950
Det sjunde inseglet,1957,96,Drama,8.2,Ingmar Bergman,Max von Sydow,164.939,805.74,88,1950
Du rififi chez les hommes,1955,118,Crime,8.2,Jules Dassin,Jean Servais,28.81,0.06,97,1950
Dial M for Murder,1954,105,Crime,8.2,Alfred Hitchcock,Ray Milland,158.335,0.01,75,1950
Tôkyô monogatari,1953,136,Drama,8.2,Yasujirô Ozu,Chishû Ryû,53.153,129.12,79,1950
Rashômon,1950,88,Crime,8.2,Akira Kurosawa,Toshirô Mifune,152.572,0.1,98,1950
All About Eve,1950,138,Drama,8.2,Joseph L. Mankiewicz,Bette Davis,120.539,0.01,98,1950
The Treasure of the Sierra Madre,1948,126,Adventure,8.2,John Huston,Humphrey Bogart,114.304,5.01,98,1940
To Be or Not to Be,1942,99,Comedy,8.2,Ernst Lubitsch,Carole Lombard,29.915,11.91,86,1940
The Gold Rush,1925,95,Adventure,8.2,Charles Chaplin,Charles Chaplin,101.053,5.45,79,1920
Sherlock Jr.,1924,45,Action,8.2,Buster Keaton,Buster Keaton,41.985,0.98,79,1920
Portrait de la jeune fille en feu,2019,122,Drama,8.1,Céline Sciamma,Noémie Merlant,63.134,3.76,95,2010
Pink,2016,136,Drama,8.1,Aniruddha Roy Chowdhury,Taapsee Pannu,39.216,1.24,79,2010
Koe no katachi,2016,130,Animation,8.1,Naoko Yamada,Miyu Irino,47.708,37.04,78,2010
Contratiempo,2016,106,Crime,8.1,Oriol Paulo,Mario Casas,141.516,29.76,79,2010
Ah-ga-ssi,2016,145,Drama,8.1,Chan-wook Park,Kim Min-hee,113.649,2.01,84,2010
Mommy,2014,139,Drama,8.1,Xavier Dolan,Anne Dorval,50.7,3.49,74,2010
Haider,2014,160,Action,8.1,Vishal Bhardwaj,Shahid Kapoor,50.445,0.9,79,2010
Logan,2017,137,Action,8.1,James Mangold,Hugh Jackman,647.884,226.28,77,2010
Room,2015,118,Drama,8.1,Lenny Abrahamson,Brie Larson,371.538,14.68,86,2010
Relatos salvajes,2014,122,Comedy,8.1,Damián Szifron,Darío Grandinetti,177.059,3.11,77,2010
Soul,2020,100,Animation,8.1,Pete Docter,Kemp Powers,159.171,321.83,83,2020
Kis Uykusu,2014,196,Drama,8.1,Nuri Bilge Ceylan,Haluk Bilginer,46.547,0.17,88,2010
PK,2014,153,Comedy,8.1,Rajkumar Hirani,Aamir Khan,163.061,10.62,79,2010
OMG: Oh My God!,2012,125,Comedy,8.1,Umesh Shukla,Paresh Rawal,51.739,0.92,79,2010
The Grand Budapest Hotel,2014,99,Adventure,8.1,Wes Anderson,Ralph Fiennes,707.63,59.1,88,2010
Gone Girl,2014,149,Drama,8.1,David Fincher,Ben Affleck,859.695,167.77,79,2010
Ôkami kodomo no Ame to Yuki,2012,117,Animation,8.1,Mamoru Hosoda,Aoi Miyazaki,38.803,224.4,71,2010
Hacksaw Ridge,2016,139,Biography,8.1,Mel Gibson,Andrew Garfield,435.928,67.21,71,2010
Inside Out,2015,95,Animation,8.1,Pete Docter,Ronnie Del Carmen,616.228,356.46,94,2010
Barfi!,2012,151,Comedy,8.1,Anurag Basu,Ranbir Kapoor,75.721,2.8,79,2010
12 Years a Slave,2013,134,Biography,8.1,Steve McQueen,Chiwetel Ejiofor,640.533,56.67,96,2010
Rush,2013,123,Action,8.1,Ron Howard,Daniel Brühl,432.811,26.95,74,2010
Ford v Ferrari,2019,152,Action,8.1,James Mangold,Matt Damon,291.289,117.62,81,2010
Spotlight,2015,129,Biography,8.1,Tom McCarthy,Mark Ruffalo,420.316,45.06,93,2010
Song of the Sea,2014,93,Animation,8.1,Tomm Moore,David Rawle,51.679,0.86,85,2010
Kahaani,2012,122,Mystery,8.1,Sujoy Ghosh,Vidya Balan,57.806,1.04,79,2010
Zindagi Na Milegi Dobara,2011,155,Comedy,8.1,Zoya Akhtar,Hrithik Roshan,67.927,3.11,79,2010
Prisoners,2013,153,Crime,8.1,Denis Villeneuve,Hugh Jackman,601.149,61.0,70,2010
Mad Max: Fury Road,2015,120,Action,8.1,George Miller,Tom Hardy,882.316,154.06,90,2010
A Wednesday,2008,104,Action,8.1,Neeraj Pandey,Anupam Kher,73.891,573.33,79,2000
Gran Torino,2008,116,Drama,8.1,Clint Eastwood,Clint Eastwood,720.45,148.1,72,2000
Harry Potter and the Deathly Hallows: Part 2,2011,130,Adventure,8.1,David Yates,Daniel Radcliffe,764.493,381.01,85,2010
Okuribito,2008,130,Drama,8.1,Yôjirô Takita,Masahiro Motoki,48.582,1.5,68,2000
Hachi: A Dog's Tale,2009,93,Biography,8.1,Lasse Hallström,Richard Gere,253.575,91.09,79,2000
Mary and Max,2009,92,Animation,8.1,Adam Elliot,Toni Collette,164.462,873.84,79,2000
How to Train Your Dragon,2010,98,Animation,8.1,Dean DeBlois,Chris Sanders,666.773,217.58,75,2010
Into the Wild,2007,148,Adventure,8.1,Sean Penn,Emile Hirsch,572.921,18.35,73,2000
No Country for Old Men,2007,122,Crime,8.1,Ethan Coen,Joel Coen,856.916,74.28,91,2000
Lage Raho Munna Bhai,2006,144,Comedy,8.1,Rajkumar Hirani,Sanjay Dutt,43.137,2.22,79,2000
Million Dollar Baby,2004,132,Drama,8.1,Clint Eastwood,Hilary Swank,635.975,100.49,86,2000
Hotel Rwanda,2004,121,Biography,8.1,Terry George,Don Cheadle,334.32,23.53,79,2000
Taegukgi hwinalrimyeo,2004,140,Action,8.1,Je-kyu Kang,Jang Dong-Gun,37.82,1.11,64,2000
Before Sunset,2004,80,Drama,8.1,Richard Linklater,Ethan Hawke,236.311,5.82,90,2000
Munna Bhai M.B.B.S.,2003,156,Comedy,8.1,Rajkumar Hirani,Sanjay Dutt,73.992,43.85,79,2000
Salinui chueok,2003,131,Crime,8.1,Bong Joon Ho,Kang-ho Song,139.558,0.01,82,2000
Dil Chahta Hai,2001,183,Comedy,8.1,Farhan Akhtar,Aamir Khan,66.803,0.3,79,2000
Kill Bill: Vol. 1,2003,111,Action,8.1,Quentin Tarantino,Uma Thurman,1000.639,70.1,69,2000
Finding Nemo,2003,100,Animation,8.1,Andrew Stanton,Lee Unkrich,949.565,380.84,90,2000
Catch Me If You Can,2002,141,Biography,8.1,Steven Spielberg,Leonardo DiCaprio,832.846,164.62,75,2000
Amores perros,2000,154,Drama,8.1,Alejandro G. Iñárritu,Emilio Echevarría,223.741,5.38,83,2000
"Monsters, Inc.",2001,92,Animation,8.1,Pete Docter,David Silverman,815.505,289.92,79,2000
"Shin seiki Evangelion Gekijô-ban: Air/Magokoro wo, kimi ni",1997,87,Animation,8.1,Hideaki Anno,Kazuya Tsurumaki,38.847,364.74,79,1990
Lagaan: Once Upon a Time in India,2001,224,Adventure,8.1,Ashutosh Gowariker,Aamir Khan,105.036,0.07,84,2000
The Sixth Sense,1999,107,Drama,8.1,M. Night Shyamalan,Bruce Willis,911.573,293.51,64,1990
La leggenda del pianista sull'oceano,1998,169,Drama,8.1,Giuseppe Tornatore,Tim Roth,59.02,0.26,58,1990
The Truman Show,1998,103,Comedy,8.1,Peter Weir,Jim Carrey,939.631,125.62,90,1990
"Crna macka, beli macor",1998,127,Comedy,8.1,Emir Kusturica,Bajram Severdzan,50.862,0.35,73,1990
The Big Lebowski,1998,117,Comedy,8.1,Joel Coen,Ethan Coen,732.62,17.5,71,1990
Fa yeung nin wah,2000,98,Drama,8.1,Kar-Wai Wong,Tony Chiu-Wai Leung,124.383,2.73,85,2000
Trainspotting,1996,93,Drama,8.1,Danny Boyle,Ewan McGregor,634.716,16.5,83,1990
Fargo,1996,98,Crime,8.1,Joel Coen,Ethan Coen,617.444,24.61,85,1990
Underground,1995,170,Comedy,8.1,Emir Kusturica,Predrag 'Miki' Manojlovic,55.22,0.17,79,1990
La haine,1995,98,Crime,8.1,Mathieu Kassovitz,Vincent Cassel,150.345,0.31,79,1990
Dilwale Dulhania Le Jayenge,1995,189,Drama,8.1,Aditya Chopra,Shah Rukh Khan,63.516,15.12,79,1990
Before Sunrise,1995,101,Drama,8.1,Richard Linklater,Ethan Hawke,272.291,5.54,77,1990
Trois couleurs: Rouge,1994,99,Drama,8.1,Krzysztof Kieslowski,Irène Jacob,90.729,4.04,100,1990
Chung Hing sam lam,1994,102,Comedy,8.1,Kar-Wai Wong,Brigitte Lin,63.122,0.6,77,1990
Jurassic Park,1993,127,Action,8.1,Steven Spielberg,Sam Neill,867.615,402.45,68,1990
In the Name of the Father,1993,133,Biography,8.1,Jim Sheridan,Daniel Day-Lewis,156.842,25.01,84,1990
Ba wang bie ji,1993,171,Drama,8.1,Kaige Chen,Leslie Cheung,25.088,5.22,79,1990
Dà hóng denglong gaogao guà,1991,125,Drama,8.1,Yimou Zhang,Gong Li,29.662,2.6,79,1990
Dead Poets Society,1989,128,Comedy,8.1,Peter Weir,Robin Williams,425.457,95.86,79,1980
Stand by Me,1986,89,Adventure,8.1,Rob Reiner,Wil Wheaton,363.401,52.29,75,1980
Platoon,1986,120,Drama,8.1,Oliver Stone,Charlie Sheen,381.222,138.53,92,1980
"Paris, Texas",1984,145,Drama,8.1,Wim Wenders,Harry Dean Stanton,91.188,2.18,78,1980
Kaze no tani no Naushika,1984,117,Animation,8.1,Hayao Miyazaki,Sumi Shimamoto,150.924,0.5,86,1980
The Thing,1982,109,Horror,8.1,John Carpenter,Kurt Russell,371.271,13.78,57,1980
Pink Floyd: The Wall,1982,95,Drama,8.1,Alan Parker,Bob Geldof,76.081,22.24,47,1980
Fitzcarraldo,1982,158,Adventure,8.1,Werner Herzog,Klaus Kinski,31.595,616.56,79,1980
Fanny och Alexander,1982,188,Drama,8.1,Ingmar Bergman,Bertil Guve,57.784,4.97,100,1980
Blade Runner,1982,117,Action,8.1,Ridley Scott,Harrison Ford,693.827,32.87,84,1980
The Elephant Man,1980,124,Biography,8.1,David Lynch,Anthony Hopkins,220.078,753.59,78,1980
Life of Brian,1979,94,Comedy,8.1,Terry Jones,Graham Chapman,367.25,20.05,77,1970
The Deer Hunter,1978,183,Drama,8.1,Michael Cimino,Robert De Niro,311.361,48.98,86,1970
Rocky,1976,120,Drama,8.1,John G. Avildsen,Sylvester Stallone,518.546,117.24,70,1970
Network,1976,121,Drama,8.1,Sidney Lumet,Faye Dunaway,144.911,683.41,83,1970
Barry Lyndon,1975,185,Adventure,8.1,Stanley Kubrick,Ryan O'Neal,149.843,36.01,89,1970
Zerkalo,1975,107,Biography,8.1,Andrei Tarkovsky,Margarita Terekhova,40.081,0.18,79,1970
Chinatown,1974,130,Drama,8.1,Roman Polanski,Jack Nicholson,294.23,29.0,92,1970
Paper Moon,1973,102,Comedy,8.1,Peter Bogdanovich,Ryan O'Neal,42.285,30.93,77,1970
Viskningar och rop,1972,91,Drama,8.1,Ingmar Bergman,Harriet Andersson,30.206,1.74,79,1970
Solaris,1972,167,Drama,8.1,Andrei Tarkovsky,Natalya Bondarchuk,81.021,526.25,90,1970
Le samouraï,1967,105,Crime,8.1,Jean-Pierre Melville,Alain Delon,45.434,0.04,79,1960
Cool Hand Luke,1967,127,Crime,8.1,Stuart Rosenberg,Paul Newman,161.984,16.22,92,1960
Persona,1966,85,Drama,8.1,Ingmar Bergman,Bibi Andersson,103.191,464.74,86,1960
Andrei Rublev,1966,205,Biography,8.1,Andrei Tarkovsky,Anatoliy Solonitsyn,46.947,0.1,79,1960
La battaglia di Algeri,1966,121,Drama,8.1,Gillo Pontecorvo,Brahim Hadjadj,53.089,0.06,96,1960
El ángel exterminador,1962,95,Drama,8.1,Luis Buñuel,Silvia Pinal,29.682,345.26,79,1960
What Ever Happened to Baby Jane?,1962,134,Drama,8.1,Robert Aldrich,Bette Davis,50.058,4.05,75,1960
Sanjuro,1962,96,Action,8.1,Akira Kurosawa,Toshirô Mifune,33.044,848.12,79,1960
The Man Who Shot Liberty Valance,1962,123,Drama,8.1,John Ford,James Stewart,68.827,541.43,94,1960
Ivanovo detstvo,1962,95,Drama,8.1,Andrei Tarkovsky,Eduard Abalov,31.728,388.47,79,1960
Jungfrukällan,1960,89,Drama,8.1,Ingmar Bergman,Max von Sydow,26.697,1.53,79,1960
Inherit the Wind,1960,128,Biography,8.1,Stanley Kramer,Spencer Tracy,27.254,62.85,75,1960
Les quatre cents coups,1959,99,Crime,8.1,François Truffaut,Jean-Pierre Léaud,105.291,263.47,79,1950
Ben-Hur,1959,212,Adventure,8.1,William Wyler,Charlton Heston,219.466,74.7,90,1950
Kakushi-toride no san-akunin,1958,139,Adventure,8.1,Akira Kurosawa,Toshirô Mifune,34.797,443.91,79,1950
Le notti di Cabiria,1957,110,Drama,8.1,Federico Fellini,Giulietta Masina,42.94,0.75,79,1950
Kumonosu-jô,1957,110,Drama,8.1,Akira Kurosawa,Toshirô Mifune,46.678,612.6,79,1950
The Bridge on the River Kwai,1957,161,Adventure,8.1,David Lean,William Holden,203.463,44.91,87,1950
On the Waterfront,1954,108,Crime,8.1,Elia Kazan,Marlon Brando,142.107,9.6,91,1950
Le salaire de la peur,1953,131,Adventure,8.1,Henri-Georges Clouzot,Yves Montand,54.588,124.57,85,1950
Ace in the Hole,1951,111,Drama,8.1,Billy Wilder,Kirk Douglas,31.568,3.97,72,1950
White Heat,1949,114,Action,8.1,Raoul Walsh,James Cagney,29.807,323.15,79,1940
The Third Man,1949,104,Film-Noir,8.1,Carol Reed,Orson Welles,158.731,0.45,97,1940
The Red Shoes,1948,135,Drama,8.1,Michael Powell,Emeric Pressburger,30.935,10.9,79,1940
The Shop Around the Corner,1940,99,Comedy,8.1,Ernst Lubitsch,Margaret Sullavan,28.45,0.2,96,1940
Rebecca,1940,130,Drama,8.1,Alfred Hitchcock,Laurence Olivier,123.942,4.36,86,1940
Mr. Smith Goes to Washington,1939,129,Comedy,8.1,Frank Capra,James Stewart,107.017,9.6,73,1930
Gone with the Wind,1939,238,Drama,8.1,Victor Fleming,George Cukor,290.074,198.68,97,1930
La Grande Illusion,1937,113,Drama,8.1,Jean Renoir,Jean Gabin,33.829,0.17,79,1930
It Happened One Night,1934,105,Comedy,8.1,Frank Capra,Clark Gable,94.016,4.36,87,1930
La passion de Jeanne d'Arc,1928,110,Biography,8.1,Carl Theodor Dreyer,Maria Falconetti,47.676,0.02,79,1920
The Circus,1928,72,Comedy,8.1,Charles Chaplin,Charles Chaplin,30.205,259.7,90,1920
Sunrise: A Song of Two Humans,1927,94,Drama,8.1,F.W. Murnau,George O'Brien,46.865,0.54,79,1920
The General,1926,67,Action,8.1,Clyde Bruckman,Buster Keaton,81.156,1.03,79,1920
Das Cabinet des Dr. Caligari,1920,76,Fantasy,8.1,Robert Wiene,Werner Krauss,57.428,337.57,79,1920
Badhaai ho,2018,124,Comedy,8.0,Amit Ravindernath Sharma,Ayushmann Khurrana,27.978,28.74,79,2010
Togo,2019,113,Adventure,8.0,Ericson Core,Willem Dafoe,37.556,874.21,69,2010
Airlift,2016,130,Drama,8.0,Raja Menon,Akshay Kumar,52.897,96.93,79,2010
Bajrangi Bhaijaan,2015,163,Action,8.0,Kabir Khan,Salman Khan,72.245,8.18,79,2010
Baby,2015,159,Action,8.0,Neeraj Pandey,Akshay Kumar,52.848,223.03,79,2010
La La Land,2016,128,Comedy,8.0,Damien Chazelle,Ryan Gosling,505.918,151.1,94,2010
Lion,2016,118,Biography,8.0,Garth Davis,Dev Patel,213.97,51.74,69,2010
The Martian,2015,144,Adventure,8.0,Ridley Scott,Matt Damon,760.094,228.43,80,2010
Zootopia,2016,108,Animation,8.0,Byron Howard,Rich Moore,434.143,341.27,78,2010
Bãhubali: The Beginning,2015,159,Action,8.0,S.S. Rajamouli,Prabhas,102.972,6.74,79,2010
Kaguyahime no monogatari,2013,137,Animation,8.0,Isao Takahata,Chloë Grace Moretz,38.746,1.51,89,2010
Wonder,2017,113,Drama,8.0,Stephen Chbosky,Jacob Tremblay,141.923,132.42,66,2010
Gully Boy,2019,154,Drama,8.0,Zoya Akhtar,Vijay Varma,31.886,5.57,65,2010
Special Chabbis,2013,144,Crime,8.0,Neeraj Pandey,Akshay Kumar,51.069,1.08,79,2010
Short Term 12,2013,96,Drama,8.0,Destin Daniel Cretton,Brie Larson,81.77,1.01,82,2010
Serbuan maut 2: Berandal,2014,150,Action,8.0,Gareth Evans,Iko Uwais,114.316,2.63,71,2010
The Imitation Game,2014,114,Biography,8.0,Morten Tyldum,Benedict Cumberbatch,685.201,91.13,73,2010
Guardians of the Galaxy,2014,121,Action,8.0,James Gunn,Chris Pratt,1043.455,333.18,76,2010
Blade Runner 2049,2017,164,Action,8.0,Denis Villeneuve,Harrison Ford,461.823,92.05,81,2010
Her,2013,126,Drama,8.0,Spike Jonze,Joaquin Phoenix,540.772,25.57,90,2010
Bohemian Rhapsody,2018,134,Biography,8.0,Bryan Singer,Rami Malek,450.349,216.43,49,2010
The Revenant,2015,156,Action,8.0,Alejandro G. Iñárritu,Leonardo DiCaprio,705.589,183.64,76,2010
The Perks of Being a Wallflower,2012,103,Drama,8.0,Stephen Chbosky,Logan Lerman,462.252,17.74,67,2010
Tropa de Elite 2: O Inimigo Agora é Outro,2010,115,Action,8.0,José Padilha,Wagner Moura,79.2,0.1,71,2010
The King's Speech,2010,118,Biography,8.0,Tom Hooper,Colin Firth,639.603,138.8,88,2010
The Help,2011,146,Drama,8.0,Tate Taylor,Emma Stone,428.521,169.71,62,2010
Deadpool,2016,108,Action,8.0,Tim Miller,Ryan Reynolds,902.669,363.07,65,2010
Darbareye Elly,2009,119,Drama,8.0,Asghar Farhadi,Golshifteh Farahani,45.803,0.11,87,2000
Dev.D,2009,144,Drama,8.0,Anurag Kashyap,Abhay Deol,28.749,0.01,79,2000
Yip Man,2008,106,Action,8.0,Wilson Yip,Donnie Yen,211.427,613.7,59,2000
My Name Is Khan,2010,165,Drama,8.0,Karan Johar,Shah Rukh Khan,98.575,4.02,50,2010
Nefes: Vatan Sagolsun,2009,128,Action,8.0,Levent Semerci,Erdem Can,31.838,45.53,79,2000
Slumdog Millionaire,2008,120,Drama,8.0,Danny Boyle,Loveleen Tandan,798.882,141.32,84,2000
Black Swan,2010,108,Drama,8.0,Darren Aronofsky,Natalie Portman,699.673,106.95,79,2010
Tropa de Elite,2007,115,Action,8.0,José Padilha,Wagner Moura,98.097,0.01,33,2000
The Avengers,2012,143,Action,8.0,Joss Whedon,Robert Downey Jr.,1260.806,623.28,69,2010
Persepolis,2007,96,Animation,8.0,Vincent Paronnaud,Marjane Satrapi,88.656,4.45,90,2000
Dallas Buyers Club,2013,117,Biography,8.0,Jean-Marc Vallée,Matthew McConaughey,441.614,27.3,80,2010
The Pursuit of Happyness,2006,117,Biography,8.0,Gabriele Muccino,Will Smith,448.93,163.57,64,2000
Blood Diamond,2006,143,Adventure,8.0,Edward Zwick,Leonardo DiCaprio,499.439,57.37,64,2000
The Bourne Ultimatum,2007,115,Action,8.0,Paul Greengrass,Matt Damon,604.694,227.47,85,2000
Bin-jip,2004,88,Crime,8.0,Ki-duk Kim,Seung-Yun Lee,50.61,0.24,72,2000
Sin City,2005,124,Crime,8.0,Frank Miller,Quentin Tarantino,738.512,74.1,74,2000
Le scaphandre et le papillon,2007,112,Biography,8.0,Julian Schnabel,Laura Obiols,103.284,5.99,92,2000
G.O.R.A.,2004,127,Adventure,8.0,Ömer Faruk Sorak,Cem Yilmaz,56.96,196.21,79,2000
Ratatouille,2007,111,Animation,8.0,Brad Bird,Jan Pinkava,641.645,206.45,96,2000
Casino Royale,2006,144,Action,8.0,Martin Campbell,Daniel Craig,582.239,167.45,80,2000
Kill Bill: Vol. 2,2004,137,Action,8.0,Quentin Tarantino,Uma Thurman,683.9,66.21,83,2000
Vozvrashchenie,2003,110,Drama,8.0,Andrey Zvyagintsev,Vladimir Garin,42.399,0.5,82,2000
Bom Yeoareum Gaeul Gyeoul Geurigo Bom,2003,103,Drama,8.0,Ki-duk Kim,Ki-duk Kim,77.52,2.38,85,2000
Mar adentro,2014,126,Biography,8.0,Alejandro Amenábar,Javier Bardem,77.554,2.09,74,2010
Cinderella Man,2005,144,Biography,8.0,Ron Howard,Russell Crowe,176.151,61.65,69,2000
Kal Ho Naa Ho,2003,186,Comedy,8.0,Nikkhil Advani,Preity Zinta,63.46,1.79,54,2000
Mou gaan dou,2002,101,Action,8.0,Andrew Lau,Alan Mak,117.857,0.17,75,2000
Pirates of the Caribbean: The Curse of the Black Pearl,2003,143,Action,8.0,Gore Verbinski,Johnny Depp,1015.122,305.41,63,2000
Big Fish,2003,125,Adventure,8.0,Tim Burton,Ewan McGregor,415.218,66.26,58,2000
The Incredibles,2004,115,Animation,8.0,Brad Bird,Craig T. Nelson,657.047,261.44,90,2000
Yeopgijeogin geunyeo,2001,137,Comedy,8.0,Jae-young Kwak,Tae-Hyun Cha,45.403,772.72,79,2000
Dogville,2003,178,Crime,8.0,Lars von Trier,Nicole Kidman,137.963,1.53,60,2000
Vizontele,2001,110,Comedy,8.0,Yilmaz Erdogan,Ömer Faruk Sorak,33.592,200.18,79,2000
Donnie Darko,2001,113,Drama,8.0,Richard Kelly,Jake Gyllenhaal,740.086,1.48,88,2000
Magnolia,1999,188,Drama,8.0,Paul Thomas Anderson,Tom Cruise,289.742,22.46,77,1990
Dancer in the Dark,2000,140,Crime,8.0,Lars von Trier,Björk,102.285,4.18,61,2000
The Straight Story,1999,112,Biography,8.0,David Lynch,Richard Farnsworth,82.002,6.2,86,1990
Pâfekuto burû,1997,81,Animation,8.0,Satoshi Kon,Junko Iwao,58.192,0.78,79,1990
Festen,1998,105,Drama,8.0,Thomas Vinterberg,Ulrich Thomsen,78.341,1.65,82,1990
Central do Brasil,1998,110,Drama,8.0,Walter Salles,Fernanda Montenegro,36.419,5.6,80,1990
The Iron Giant,1999,86,Animation,8.0,Brad Bird,Eli Marienthal,172.083,23.16,85,1990
Knockin' on Heaven's Door,1997,87,Action,8.0,Thomas Jahn,Til Schweiger,27.721,0.0,79,1990
Sling Blade,1996,135,Drama,8.0,Billy Bob Thornton,Billy Bob Thornton,86.838,24.48,84,1990
Secrets & Lies,1996,136,Comedy,8.0,Mike Leigh,Timothy Spall,37.564,13.42,91,1990
Twelve Monkeys,1995,129,Mystery,8.0,Terry Gilliam,Bruce Willis,578.443,57.14,74,1990
Kôkaku Kidôtai,1995,83,Animation,8.0,Mamoru Oshii,Atsuko Tanaka,129.231,0.52,76,1990
The Nightmare Before Christmas,1993,76,Animation,8.0,Henry Selick,Danny Elfman,300.208,75.08,82,1990
Groundhog Day,1993,101,Comedy,8.0,Harold Ramis,Bill Murray,577.991,70.91,72,1990
Bound by Honor,1993,180,Crime,8.0,Taylor Hackford,Damian Chapa,28.825,4.5,47,1990
Scent of a Woman,1992,156,Drama,8.0,Martin Brest,Al Pacino,263.918,63.9,59,1990
Aladdin,1992,90,Animation,8.0,Ron Clements,John Musker,373.845,217.35,86,1990
JFK,1991,189,Drama,8.0,Oliver Stone,Kevin Costner,142.11,70.41,72,1990
Beauty and the Beast,1991,84,Animation,8.0,Gary Trousdale,Kirk Wise,417.178,218.97,95,1990
Dances with Wolves,1990,181,Adventure,8.0,Kevin Costner,Kevin Costner,240.266,184.21,72,1990
Do the Right Thing,1989,120,Comedy,8.0,Spike Lee,Danny Aiello,89.429,27.55,93,1980
Rain Man,1988,133,Drama,8.0,Barry Levinson,Dustin Hoffman,473.064,178.8,65,1980
Akira,1988,124,Animation,8.0,Katsuhiro Ôtomo,Mitsuo Iwata,164.918,0.55,79,1980
The Princess Bride,1987,98,Adventure,8.0,Rob Reiner,Cary Elwes,393.899,30.86,77,1980
Der Himmel über Berlin,1987,128,Drama,8.0,Wim Wenders,Bruno Ganz,64.722,3.33,79,1980
Au revoir les enfants,1987,104,Drama,8.0,Louis Malle,Gaspard Manesse,31.163,4.54,88,1980
Tenkû no shiro Rapyuta,1986,125,Animation,8.0,Hayao Miyazaki,Mayumi Tanaka,150.14,715.92,78,1980
The Terminator,1984,107,Action,8.0,James Cameron,Arnold Schwarzenegger,799.795,38.4,84,1980
Gandhi,1982,191,Biography,8.0,Richard Attenborough,Ben Kingsley,217.664,52.77,79,1980
Kagemusha,1980,180,Drama,8.0,Akira Kurosawa,Tatsuya Nakadai,32.195,66.36,84,1980
Being There,1979,130,Comedy,8.0,Hal Ashby,Peter Sellers,65.625,30.18,83,1970
Annie Hall,1977,93,Comedy,8.0,Woody Allen,Woody Allen,251.823,39.2,92,1970
Jaws,1975,124,Adventure,8.0,Steven Spielberg,Roy Scheider,543.388,260.0,87,1970
Dog Day Afternoon,1975,125,Biography,8.0,Sidney Lumet,Al Pacino,235.652,50.0,86,1970
Young Frankenstein,1974,106,Comedy,8.0,Mel Brooks,Gene Wilder,143.359,86.3,80,1970
Papillon,1973,151,Biography,8.0,Franklin J. Schaffner,Steve McQueen,121.627,53.27,58,1970
The Exorcist,1973,122,Horror,8.0,William Friedkin,Ellen Burstyn,362.393,232.91,81,1970
Sleuth,1972,138,Mystery,8.0,Joseph L. Mankiewicz,Laurence Olivier,44.748,4.08,79,1970
The Last Picture Show,1971,118,Drama,8.0,Peter Bogdanovich,Timothy Bottoms,42.456,29.13,93,1970
Fiddler on the Roof,1971,181,Drama,8.0,Norman Jewison,Topol,39.491,80.5,67,1970
Il conformista,1970,113,Drama,8.0,Bernardo Bertolucci,Jean-Louis Trintignant,27.067,0.54,100,1970
Butch Cassidy and the Sundance Kid,1969,110,Biography,8.0,George Roy Hill,Paul Newman,201.888,102.31,66,1960
Rosemary's Baby,1968,137,Drama,8.0,Roman Polanski,Mia Farrow,193.674,287.62,96,1960
Planet of the Apes,1968,112,Adventure,8.0,Franklin J. Schaffner,Charlton Heston,165.167,33.4,79,1960
The Graduate,1967,106,Comedy,8.0,Mike Nichols,Dustin Hoffman,253.676,104.95,83,1960
Who's Afraid of Virginia Woolf?,1966,131,Drama,8.0,Mike Nichols,Elizabeth Taylor,68.926,839.06,75,1960
The Sound of Music,1965,172,Biography,8.0,Robert Wise,Julie Andrews,205.425,163.21,63,1960
Doctor Zhivago,1965,197,Drama,8.0,David Lean,Omar Sharif,69.903,111.72,69,1960
Per un pugno di dollari,1964,99,Action,8.0,Sergio Leone,Clint Eastwood,198.219,14.5,65,1960
8½,1963,138,Drama,8.0,Federico Fellini,Marcello Mastroianni,108.844,0.05,91,1960
Vivre sa vie: Film en douze tableaux,1962,80,Drama,8.0,Jean-Luc Godard,Anna Karina,28.057,482.55,79,1960
The Hustler,1961,134,Drama,8.0,Robert Rossen,Paul Newman,75.067,8.28,90,1960
La dolce vita,1960,174,Comedy,8.0,Federico Fellini,Marcello Mastroianni,66.621,19.52,95,1960
Rio Bravo,1959,141,Action,8.0,Howard Hawks,John Wayne,56.305,12.54,93,1950
Anatomy of a Murder,1959,161,Crime,8.0,Otto Preminger,James Stewart,59.847,11.9,95,1950
Touch of Evil,1958,95,Crime,8.0,Orson Welles,Charlton Heston,98.431,2.24,99,1950
Cat on a Hot Tin Roof,1958,108,Drama,8.0,Richard Brooks,Elizabeth Taylor,45.062,17.57,84,1950
Sweet Smell of Success,1957,96,Drama,8.0,Alexander Mackendrick,Burt Lancaster,28.137,490.44,100,1950
The Killing,1956,84,Crime,8.0,Stanley Kubrick,Sterling Hayden,81.702,309.15,91,1950
The Night of the Hunter,1955,92,Crime,8.0,Charles Laughton,Robert Mitchum,81.98,0.65,99,1950
La Strada,1954,108,Drama,8.0,Federico Fellini,Anthony Quinn,58.314,101.83,79,1950
Les diaboliques,1955,117,Crime,8.0,Henri-Georges Clouzot,Simone Signoret,61.503,67.94,79,1950
Stalag 17,1953,120,Comedy,8.0,Billy Wilder,William Holden,51.046,780.72,84,1950
Roman Holiday,1953,118,Comedy,8.0,William Wyler,Gregory Peck,127.256,557.52,78,1950
A Streetcar Named Desire,1951,122,Drama,8.0,Elia Kazan,Vivien Leigh,99.182,8.0,97,1950
In a Lonely Place,1950,94,Drama,8.0,Nicholas Ray,Humphrey Bogart,26.784,532.88,79,1950
Kind Hearts and Coronets,1949,106,Comedy,8.0,Robert Hamer,Dennis Price,34.485,312.37,79,1940
Rope,1948,80,Crime,8.0,Alfred Hitchcock,James Stewart,129.783,466.15,73,1940
Out of the Past,1947,97,Crime,8.0,Jacques Tourneur,Robert Mitchum,32.784,790.48,79,1940
Brief Encounter,1945,86,Drama,8.0,David Lean,Celia Johnson,35.601,484.22,92,1940
Laura,1944,88,Drama,8.0,Otto Preminger,Gene Tierney,42.725,4.36,79,1940
The Best Years of Our Lives,1946,170,Drama,8.0,William Wyler,Myrna Loy,57.259,23.65,93,1940
Arsenic and Old Lace,1942,118,Comedy,8.0,Frank Capra,Cary Grant,65.101,460.85,79,1940
The Maltese Falcon,1941,100,Film-Noir,8.0,John Huston,Humphrey Bogart,148.928,2.11,96,1940
The Grapes of Wrath,1940,129,Drama,8.0,John Ford,Henry Fonda,85.559,0.06,96,1940
The Wizard of Oz,1939,102,Adventure,8.0,Victor Fleming,George Cukor,371.379,2.08,92,1930
La règle du jeu,1939,110,Comedy,8.0,Jean Renoir,Marcel Dalio,26.725,512.86,79,1930
The Thin Man,1934,91,Comedy,8.0,W.S. Van Dyke,William Powell,26.642,40.69,86,1930
All Quiet on the Western Front,1930,152,Drama,8.0,Lewis Milestone,Lew Ayres,57.318,3.27,91,1930
Bronenosets Potemkin,1925,75,Drama,8.0,Sergei M. Eisenstein,Aleksandr Antonov,53.054,0.05,97,1920
Knives Out,2019,130,Comedy,7.9,Rian Johnson,Daniel Craig,454.203,165.36,82,2010
Dil Bechara,2020,101,Comedy,7.9,Mukesh Chhabra,Sushant Singh Rajput,111.478,228.63,79,2020
Manbiki kazoku,2018,121,Crime,7.9,Hirokazu Koreeda,Lily Franky,62.754,3.31,93,2010
Marriage Story,2019,137,Comedy,7.9,Noah Baumbach,Adam Driver,246.644,2.0,94,2010
Call Me by Your Name,2017,132,Drama,7.9,Luca Guadagnino,Armie Hammer,212.651,18.1,93,2010
"I, Daniel Blake",2016,100,Drama,7.9,Ken Loach,Laura Obiols,53.818,0.26,78,2010
Isle of Dogs,2018,101,Animation,7.9,Wes Anderson,Bryan Cranston,139.114,32.02,82,2010
Hunt for the Wilderpeople,2016,101,Adventure,7.9,Taika Waititi,Sam Neill,111.483,5.2,81,2010
Captain Fantastic,2016,118,Comedy,7.9,Matt Ross,Viggo Mortensen,189.4,5.88,72,2010
Sing Street,2016,106,Comedy,7.9,John Carney,Ferdia Walsh-Peelo,85.109,3.24,79,2010
Thor: Ragnarok,2017,130,Action,7.9,Taika Waititi,Chris Hemsworth,587.775,315.06,74,2010
Nightcrawler,2014,117,Crime,7.9,Dan Gilroy,Jake Gyllenhaal,466.134,32.38,76,2010
Jojo Rabbit,2019,108,Comedy,7.9,Taika Waititi,Roman Griffin Davis,297.918,0.35,58,2010
Arrival,2016,116,Drama,7.9,Denis Villeneuve,Amy Adams,594.181,100.55,81,2010
Star Wars: Episode VII - The Force Awakens,2015,138,Action,7.9,J.J. Abrams,Daisy Ridley,860.823,936.66,80,2010
Before Midnight,2013,109,Drama,7.9,Richard Linklater,Ethan Hawke,141.457,8.11,94,2010
X-Men: Days of Future Past,2014,132,Action,7.9,Bryan Singer,Patrick Stewart,659.763,233.92,75,2010
Bir Zamanlar Anadolu'da,2011,157,Crime,7.9,Nuri Bilge Ceylan,Muhammet Uzuner,41.995,0.14,82,2010
The Artist,2011,100,Comedy,7.9,Michel Hazanavicius,Jean Dujardin,230.624,44.67,89,2010
Edge of Tomorrow,2014,113,Action,7.9,Doug Liman,Tom Cruise,600.004,100.21,71,2010
Amour,2012,127,Drama,7.9,Michael Haneke,Jean-Louis Trintignant,93.09,6.74,94,2010
The Irishman,2019,209,Biography,7.9,Martin Scorsese,Robert De Niro,324.72,7.0,94,2010
Un prophète,2009,155,Crime,7.9,Jacques Audiard,Tahar Rahim,93.56,2.08,90,2000
Moon,2009,97,Drama,7.9,Duncan Jones,Sam Rockwell,335.152,5.01,67,2000
Låt den rätte komma in,2008,114,Crime,7.9,Tomas Alfredson,Kåre Hedebrant,205.609,2.12,82,2000
District 9,2009,112,Action,7.9,Neill Blomkamp,Sharlto Copley,638.202,115.65,81,2000
The Wrestler,2008,109,Drama,7.9,Darren Aronofsky,Mickey Rourke,289.415,26.24,80,2000
Jab We Met,2007,138,Comedy,7.9,Imtiaz Ali,Shahid Kapoor,47.72,0.41,79,2000
Boyhood,2014,165,Drama,7.9,Richard Linklater,Ellar Coltrane,335.533,25.38,100,2010
"4 luni, 3 saptamâni si 2 zile",2007,113,Drama,7.9,Cristian Mungiu,Anamaria Marinca,56.625,1.19,97,2000
Star Trek,2009,127,Action,7.9,J.J. Abrams,Chris Pine,577.336,257.73,82,2000
In Bruges,2008,107,Comedy,7.9,Martin McDonagh,Colin Farrell,390.334,7.76,67,2000
The Man from Earth,2007,87,Drama,7.9,Richard Schenkman,David Lee Smith,174.125,849.97,79,2000
Letters from Iwo Jima,2006,141,Action,7.9,Clint Eastwood,Ken Watanabe,154.011,13.76,89,2000
The Fall,2006,117,Adventure,7.9,Tarsem Singh,Lee Pace,107.29,2.28,64,2000
Life of Pi,2012,127,Adventure,7.9,Ang Lee,Suraj Sharma,580.708,124.99,79,2010
Fantastic Mr. Fox,2009,87,Animation,7.9,Wes Anderson,George Clooney,199.696,21.0,83,2000
C.R.A.Z.Y.,2005,129,Comedy,7.9,Jean-Marc Vallée,Michel Côté,31.476,527.28,81,2000
Les choristes,2004,97,Drama,7.9,Christophe Barratier,Gérard Jugnot,57.43,3.64,56,2000
Iron Man,2008,126,Action,7.9,Jon Favreau,Robert Downey Jr.,939.644,318.41,79,2000
Shaun of the Dead,2004,99,Comedy,7.9,Edgar Wright,Simon Pegg,512.249,13.54,76,2000
Gegen die Wand,2004,121,Drama,7.9,Fatih Akin,Birol Ünel,51.325,213.06,78,2000
Mystic River,2003,138,Crime,7.9,Clint Eastwood,Sean Penn,419.42,90.14,84,2000
Harry Potter and the Prisoner of Azkaban,2004,142,Adventure,7.9,Alfonso Cuarón,Daniel Radcliffe,552.493,249.36,82,2000
Ying xiong,2002,120,Action,7.9,Yimou Zhang,Jet Li,173.999,53.71,85,2000
Hable con ella,2002,112,Drama,7.9,Pedro Almodóvar,Rosario Flores,104.691,9.28,86,2000
No Man's Land,2001,98,Comedy,7.9,Danis Tanovic,Branko Djuric,44.618,1.06,84,2000
Cowboy Bebop: Tengoku no tobira,2001,115,Animation,7.9,Shin'ichirô Watanabe,Tensai Okamura,42.897,1.0,61,2000
The Bourne Identity,2002,119,Action,7.9,Doug Liman,Franka Potente,508.771,121.66,68,2000
Nueve reinas,2000,114,Crime,7.9,Fabián Bielinsky,Ricardo Darín,49.721,1.22,80,2000
Children of Men,2006,109,Adventure,7.9,Alfonso Cuarón,Julianne Moore,465.113,35.55,84,2000
Almost Famous,2000,122,Adventure,7.9,Cameron Crowe,Billy Crudup,252.586,32.53,90,2000
Mulholland Dr.,2001,147,Drama,7.9,David Lynch,Naomi Watts,322.031,7.22,85,2000
Toy Story 2,1999,92,Animation,7.9,John Lasseter,Ash Brannon,527.512,245.85,88,1990
Boogie Nights,1997,155,Drama,7.9,Paul Thomas Anderson,Mark Wahlberg,239.473,26.4,85,1990
Mimi wo sumaseba,1995,111,Animation,7.9,Yoshifumi Kondô,Yoko Honna,51.943,252.24,75,1990
Once Were Warriors,1994,102,Crime,7.9,Lee Tamahori,Rena Owen,31.59,2.2,77,1990
True Romance,1993,119,Crime,7.9,Tony Scott,Christian Slater,206.918,12.28,59,1990
Trois couleurs: Bleu,1993,94,Drama,7.9,Krzysztof Kieslowski,Juliette Binoche,89.836,1.32,85,1990
Jûbê ninpûchô,1993,94,Animation,7.9,Yoshiaki Kawajiri,Kôichi Yamadera,34.529,713.58,79,1990
Carlito's Way,1993,144,Crime,7.9,Brian De Palma,Al Pacino,201.0,36.95,65,1990
Edward Scissorhands,1990,105,Drama,7.9,Tim Burton,Johnny Depp,447.368,56.36,74,1990
My Left Foot: The Story of Christy Brown,1989,103,Biography,7.9,Jim Sheridan,Daniel Day-Lewis,68.076,14.74,97,1980
Crimes and Misdemeanors,1989,104,Comedy,7.9,Woody Allen,Martin Landau,54.67,18.25,77,1980
The Untouchables,1987,119,Crime,7.9,Brian De Palma,Kevin Costner,281.842,76.27,79,1980
Hannah and Her Sisters,1986,107,Comedy,7.9,Woody Allen,Mia Farrow,67.176,40.08,90,1980
Brazil,1985,132,Drama,7.9,Terry Gilliam,Jonathan Pryce,187.567,9.93,84,1980
This Is Spinal Tap,1984,82,Comedy,7.9,Rob Reiner,Rob Reiner,128.812,0.19,92,1980
A Christmas Story,1983,93,Comedy,7.9,Bob Clark,Peter Billingsley,132.947,20.61,77,1980
The Blues Brothers,1980,133,Action,7.9,John Landis,John Belushi,183.182,57.23,60,1980
Manhattan,1979,96,Comedy,7.9,Woody Allen,Woody Allen,131.436,45.7,83,1970
All That Jazz,1979,123,Drama,7.9,Bob Fosse,Roy Scheider,28.223,37.82,72,1970
Dawn of the Dead,1978,127,Action,7.9,George A. Romero,David Emge,111.512,5.1,71,1970
All the President's Men,1976,138,Biography,7.9,Alan J. Pakula,Dustin Hoffman,103.031,70.6,84,1970
La montaña sagrada,1973,114,Adventure,7.9,Alejandro Jodorowsky,Alejandro Jodorowsky,37.183,0.06,76,1970
Amarcord,1973,123,Comedy,7.9,Federico Fellini,Magali Noël,39.897,882.86,79,1970
Le charme discret de la bourgeoisie,1972,102,Comedy,7.9,Luis Buñuel,Fernando Rey,38.737,0.2,93,1970
"Aguirre, der Zorn Gottes",1972,95,Action,7.9,Werner Herzog,Klaus Kinski,52.397,508.05,79,1970
Harold and Maude,1971,91,Comedy,7.9,Hal Ashby,Ruth Gordon,70.826,804.94,62,1970
Patton,1970,172,Biography,7.9,Franklin J. Schaffner,George C. Scott,93.741,61.7,91,1970
The Wild Bunch,1969,145,Action,7.9,Sam Peckinpah,William Holden,77.401,12.06,97,1960
Night of the Living Dead,1968,96,Horror,7.9,George A. Romero,Duane Jones,116.557,0.09,89,1960
The Lion in Winter,1968,134,Biography,7.9,Anthony Harvey,Peter O'Toole,29.003,22.28,79,1960
In the Heat of the Night,1967,110,Crime,7.9,Norman Jewison,Sidney Poitier,67.804,24.38,75,1960
Charade,1963,113,Comedy,7.9,Stanley Donen,Cary Grant,68.689,13.47,83,1960
The Manchurian Candidate,1962,126,Drama,7.9,John Frankenheimer,Frank Sinatra,71.122,238.79,94,1960
Spartacus,1960,197,Adventure,7.9,Stanley Kubrick,Kirk Douglas,124.339,30.0,87,1960
L'avventura,1960,144,Drama,7.9,Michelangelo Antonioni,Gabriele Ferzetti,26.542,872.86,79,1960
Hiroshima mon amour,1959,90,Drama,7.9,Alain Resnais,Emmanuelle Riva,28.421,0.09,79,1950
The Ten Commandments,1956,220,Adventure,7.9,Cecil B. DeMille,Charlton Heston,63.56,93.74,79,1950
The Searchers,1956,119,Adventure,7.9,John Ford,John Wayne,80.316,538.89,94,1950
East of Eden,1955,118,Drama,7.9,Elia Kazan,James Dean,40.313,473.57,72,1950
High Noon,1952,85,Drama,7.9,Fred Zinnemann,Gary Cooper,97.222,9.45,89,1950
Strangers on a Train,1951,101,Crime,7.9,Alfred Hitchcock,Farley Granger,123.341,7.63,88,1950
Harvey,1950,104,Comedy,7.9,Henry Koster,James Stewart,52.573,886.75,79,1950
Miracle on 34th Street,1947,96,Comedy,7.9,George Seaton,Edmund Gwenn,41.625,2.65,88,1940
Notorious,1946,102,Drama,7.9,Alfred Hitchcock,Cary Grant,92.306,10.46,100,1940
The Big Sleep,1946,114,Crime,7.9,Howard Hawks,Humphrey Bogart,78.796,6.54,79,1940
The Lost Weekend,1945,101,Drama,7.9,Billy Wilder,Ray Milland,33.549,9.46,79,1940
The Philadelphia Story,1940,112,Comedy,7.9,George Cukor,Cary Grant,63.55,463.4,96,1940
His Girl Friday,1940,92,Comedy,7.9,Howard Hawks,Cary Grant,53.667,0.3,79,1940
The Adventures of Robin Hood,1938,102,Action,7.9,Michael Curtiz,William Keighley,47.175,3.98,97,1930
A Night at the Opera,1935,96,Comedy,7.9,Sam Wood,Edmund Goulding,30.58,2.54,79,1930
King Kong,1933,100,Adventure,7.9,Merian C. Cooper,Ernest B. Schoedsack,78.991,10.0,90,1930
Freaks,1932,64,Drama,7.9,Tod Browning,Wallace Ford,42.117,355.67,80,1930
Nosferatu,1922,94,Fantasy,7.9,F.W. Murnau,Max Schreck,88.794,445.15,79,1920
The Gentlemen,2019,113,Action,7.8,Guy Ritchie,Matthew McConaughey,237.392,179.41,51,2010
Raazi,2018,138,Action,7.8,Meghna Gulzar,Alia Bhatt,25.344,896.91,79,2010
Sound of Metal,2019,120,Drama,7.8,Darius Marder,Riz Ahmed,27.187,196.72,81,2010
Forushande,2016,124,Drama,7.8,Asghar Farhadi,Shahab Hosseini,51.24,2.4,85,2010
Dunkirk,2017,106,Action,7.8,Christopher Nolan,Fionn Whitehead,555.092,188.37,94,2010
Perfetti sconosciuti,2016,96,Comedy,7.8,Paolo Genovese,Giuseppe Battiston,57.168,729.89,79,2010
Hidden Figures,2016,127,Biography,7.8,Theodore Melfi,Taraji P. Henson,200.876,169.61,74,2010
Paddington 2,2017,103,Adventure,7.8,Paul King,Ben Whishaw,61.594,40.44,88,2010
Udta Punjab,2016,148,Action,7.8,Abhishek Chaubey,Shahid Kapoor,27.175,218.43,79,2010
Kubo and the Two Strings,2016,101,Animation,7.8,Travis Knight,Charlize Theron,118.035,48.02,84,2010
M.S. Dhoni: The Untold Story,2016,184,Biography,7.8,Neeraj Pandey,Sushant Singh Rajput,40.416,1.78,79,2010
Manchester by the Sea,2016,137,Drama,7.8,Kenneth Lonergan,Casey Affleck,246.963,47.7,96,2010
Under sandet,2015,100,Drama,7.8,Martin Zandvliet,Roland Møller,35.539,0.44,75,2010
Rogue One,2016,133,Action,7.8,Gareth Edwards,Felicity Jones,556.608,532.18,65,2010
Captain America: Civil War,2016,147,Action,7.8,Anthony Russo,Joe Russo,663.649,408.08,75,2010
The Hateful Eight,2015,168,Crime,7.8,Quentin Tarantino,Samuel L. Jackson,517.059,54.12,68,2010
Little Women,2019,135,Drama,7.8,Greta Gerwig,Saoirse Ronan,143.25,108.1,91,2010
Loving Vincent,2017,94,Animation,7.8,Dorota Kobiela,Hugh Welchman,50.778,6.74,62,2010
Pride,2014,119,Biography,7.8,Matthew Warchus,Bill Nighy,51.841,574.31,79,2010
Le passé,2013,130,Drama,7.8,Asghar Farhadi,Bérénice Bejo,45.002,1.33,85,2010
La grande bellezza,2013,141,Drama,7.8,Paolo Sorrentino,Toni Servillo,81.125,2.85,86,2010
The Lunchbox,2013,104,Drama,7.8,Ritesh Batra,Irrfan Khan,50.523,4.23,76,2010
Vicky Donor,2012,126,Comedy,7.8,Shoojit Sircar,Ayushmann Khurrana,39.71,0.17,79,2010
Big Hero 6,2014,102,Animation,7.8,Don Hall,Chris Williams,410.983,222.53,74,2010
About Time,2013,123,Comedy,7.8,Richard Curtis,Domhnall Gleeson,303.032,15.32,55,2010
English Vinglish,2012,134,Comedy,7.8,Gauri Shinde,Sridevi,33.618,1.67,79,2010
Kaze tachinu,2013,126,Animation,7.8,Hayao Miyazaki,Hideaki Anno,73.69,5.21,83,2010
Toy Story 4,2019,100,Animation,7.8,Josh Cooley,Tom Hanks,203.177,434.04,84,2010
La migliore offerta,2013,131,Crime,7.8,Giuseppe Tornatore,Geoffrey Rush,108.399,0.09,49,2010
Moonrise Kingdom,2012,94,Comedy,7.8,Wes Anderson,Jared Gilman,318.789,45.51,84,2010
How to Train Your Dragon 2,2014,102,Animation,7.8,Dean DeBlois,Jay Baruchel,305.611,177.0,76,2010
The Big Short,2015,130,Biography,7.8,Adam McKay,Christian Bale,362.942,70.26,81,2010
Kokuhaku,2010,106,Drama,7.8,Tetsuya Nakashima,Takako Matsu,35.713,18.5,79,2010
Ang-ma-reul bo-at-da,2010,144,Action,7.8,Jee-woon Kim,Lee Byung-Hun,111.252,0.13,67,2010
The Girl with the Dragon Tattoo,2011,158,Crime,7.8,David Fincher,Daniel Craig,423.01,102.52,71,2010
Captain Phillips,2013,134,Adventure,7.8,Paul Greengrass,Tom Hanks,421.244,107.1,82,2010
Ajeossi,2010,119,Action,7.8,Jeong-beom Lee,Won Bin,62.848,0.01,79,2010
Straight Outta Compton,2015,147,Biography,7.8,F. Gary Gray,O'Shea Jackson Jr.,179.264,161.2,72,2010
Madeo,2009,129,Crime,7.8,Bong Joon Ho,Hye-ja Kim,52.758,0.55,79,2000
Chugyeokja,2008,125,Action,7.8,Hong-jin Na,Kim Yoon-seok,58.468,369.37,64,2000
The Hobbit: The Desolation of Smaug,2013,161,Adventure,7.8,Peter Jackson,Ian McKellen,601.408,258.37,66,2010
Das weiße Band - Eine deutsche Kindergeschichte,2009,144,Drama,7.8,Michael Haneke,Christian Friedel,68.715,2.22,82,2000
Män som hatar kvinnor,2009,152,Crime,7.8,Niels Arden Oplev,Michael Nyqvist,208.994,10.1,76,2000
The Trial of the Chicago 7,2020,129,Drama,7.8,Aaron Sorkin,Eddie Redmayne,89.896,853.09,77,2020
Druk,2020,117,Comedy,7.8,Thomas Vinterberg,Mads Mikkelsen,33.931,349.92,81,2020
The Fighter,2010,116,Biography,7.8,David O. Russell,Mark Wahlberg,340.584,93.62,79,2010
Taken,2008,90,Action,7.8,Pierre Morel,Liam Neeson,564.791,145.0,51,2000
The Boy in the Striped Pyjamas,2008,94,Drama,7.8,Mark Herman,Asa Butterfield,190.748,9.03,55,2000
Once,2007,86,Drama,7.8,John Carney,Glen Hansard,110.656,9.44,88,2000
The Hobbit: An Unexpected Journey,2012,169,Adventure,7.8,Peter Jackson,Martin Freeman,757.377,303.0,58,2010
Auf der anderen Seite,2007,122,Drama,7.8,Fatih Akin,Baki Davrak,30.827,0.74,85,2000
Atonement,2007,123,Drama,7.8,Joe Wright,Keira Knightley,251.37,50.93,85,2000
Drive,2011,100,Crime,7.8,Nicolas Winding Refn,Ryan Gosling,571.571,35.06,78,2010
American Gangster,2007,157,Biography,7.8,Ridley Scott,Denzel Washington,392.449,130.16,76,2000
Avatar,2009,162,Action,7.8,James Cameron,Sam Worthington,1118.998,760.51,83,2000
Mr. Nobody,2009,141,Drama,7.8,Jaco Van Dormael,Jared Leto,216.421,0.0,63,2000
Apocalypto,2006,139,Action,7.8,Mel Gibson,Gerardo Taracena,291.018,50.87,68,2000
Little Miss Sunshine,2006,101,Comedy,7.8,Jonathan Dayton,Valerie Faris,439.856,59.89,80,2000
Hot Fuzz,2007,121,Action,7.8,Edgar Wright,Simon Pegg,463.466,23.64,81,2000
The Curious Case of Benjamin Button,2008,166,Drama,7.8,David Fincher,Brad Pitt,589.16,127.51,70,2000
Veer-Zaara,2004,192,Drama,7.8,Yash Chopra,Shah Rukh Khan,49.05,2.92,67,2000
Adams æbler,2005,94,Comedy,7.8,Anders Thomas Jensen,Ulrich Thomsen,45.717,0.0,51,2000
Pride & Prejudice,2005,129,Drama,7.8,Joe Wright,Keira Knightley,258.924,38.41,82,2000
The World's Fastest Indian,2005,127,Biography,7.8,Roger Donaldson,Anthony Hopkins,51.98,5.13,68,2000
Tôkyô goddofâzâzu,2003,90,Animation,7.8,Satoshi Kon,Shôgo Furuya,31.658,0.13,73,2000
Serenity,2005,119,Action,7.8,Joss Whedon,Nathan Fillion,283.31,25.51,74,2000
Walk the Line,2005,136,Biography,7.8,James Mangold,Joaquin Phoenix,234.207,119.52,72,2000
Ondskan,2003,113,Drama,7.8,Mikael Håfström,Andreas Wilson,35.682,0.02,61,2000
The Notebook,2004,123,Drama,7.8,Nick Cassavetes,Gena Rowlands,520.284,81.0,53,2000
Diarios de motocicleta,2004,126,Adventure,7.8,Walter Salles,Gael García Bernal,96.703,16.76,75,2000
Lilja 4-ever,2002,109,Crime,7.8,Lukas Moodysson,Oksana Akinshina,42.673,0.18,82,2000
Les triplettes de Belleville,2003,80,Animation,7.8,Sylvain Chomet,Michèle Caucheteux,50.622,7.0,91,2000
Gongdong gyeongbi guyeok JSA,2000,110,Action,7.8,Chan-wook Park,Lee Yeong-ae,26.518,147.16,58,2000
The Count of Monte Cristo,2002,131,Action,7.8,Kevin Reynolds,Jim Caviezel,129.022,54.23,61,2000
Waking Life,2001,99,Animation,7.8,Richard Linklater,Ethan Hawke,60.684,2.89,83,2000
Remember the Titans,2000,113,Biography,7.8,Boaz Yakin,Denzel Washington,198.089,115.65,48,2000
Wo hu cang long,2000,120,Action,7.8,Ang Lee,Yun-Fat Chow,253.228,128.08,94,2000
Todo sobre mi madre,1999,101,Drama,7.8,Pedro Almodóvar,Cecilia Roth,89.058,8.26,87,1990
Cast Away,2000,143,Adventure,7.8,Robert Zemeckis,Tom Hanks,524.235,233.63,73,2000
The Boondock Saints,1999,108,Action,7.8,Troy Duffy,Willem Dafoe,227.143,0.03,44,1990
The Insider,1999,157,Biography,7.8,Michael Mann,Russell Crowe,159.886,28.97,84,1990
October Sky,1999,108,Biography,7.8,Joe Johnston,Jake Gyllenhaal,82.855,32.48,71,1990
Shrek,2001,90,Animation,7.8,Andrew Adamson,Vicky Jenson,613.941,267.67,84,2000
Titanic,1997,194,Drama,7.8,James Cameron,Leonardo DiCaprio,1046.089,659.33,75,1990
Hana-bi,1997,103,Crime,7.8,Takeshi Kitano,Takeshi Kitano,27.712,0.23,79,1990
Gattaca,1997,106,Drama,7.8,Andrew Niccol,Ethan Hawke,280.845,12.34,64,1990
The Game,1997,129,Action,7.8,David Fincher,Michael Douglas,345.096,48.32,61,1990
Breaking the Waves,1996,159,Drama,7.8,Lars von Trier,Emily Watson,62.428,4.04,76,1990
Ed Wood,1994,127,Biography,7.8,Tim Burton,Johnny Depp,164.937,5.89,70,1990
What's Eating Gilbert Grape,1993,118,Drama,7.8,Lasse Hallström,Johnny Depp,215.034,9.17,73,1990
Tombstone,1993,130,Action,7.8,George P. Cosmatos,Kevin Jarre,126.871,56.51,50,1990
The Sandlot,1993,101,Comedy,7.8,David Mickey Evans,Tom Guiry,78.963,32.42,55,1990
The Remains of the Day,1993,134,Drama,7.8,James Ivory,Anthony Hopkins,66.065,22.95,84,1990
Naked,1993,132,Comedy,7.8,Mike Leigh,David Thewlis,34.635,1.77,84,1990
The Fugitive,1993,130,Action,7.8,Andrew Davis,Harrison Ford,267.684,183.88,87,1990
A Bronx Tale,1993,121,Crime,7.8,Robert De Niro,Robert De Niro,128.171,17.27,80,1990
Batman: Mask of the Phantasm,1993,76,Animation,7.8,Kevin Altieri,Boyd Kirkland,43.69,5.62,79,1990
Lat sau san taam,1992,128,Action,7.8,John Woo,Yun-Fat Chow,46.7,565.45,79,1990
Night on Earth,1991,129,Comedy,7.8,Jim Jarmusch,Winona Ryder,55.362,2.02,68,1990
La double vie de Véronique,1991,98,Drama,7.8,Krzysztof Kieslowski,Irène Jacob,42.376,2.0,86,1990
Boyz n the Hood,1991,112,Crime,7.8,John Singleton,Cuba Gooding Jr.,126.082,57.5,76,1990
Misery,1990,107,Drama,7.8,Rob Reiner,James Caan,184.74,61.28,75,1990
Awakenings,1990,121,Biography,7.8,Penny Marshall,Robert De Niro,125.276,52.1,74,1990
Majo no takkyûbin,1989,103,Animation,7.8,Hayao Miyazaki,Kirsten Dunst,124.193,58.56,83,1980
Glory,1989,122,Biography,7.8,Edward Zwick,Matthew Broderick,122.779,26.83,78,1980
Dip huet seung hung,1989,111,Action,7.8,John Woo,Yun-Fat Chow,45.624,549.33,82,1980
Back to the Future Part II,1989,108,Adventure,7.8,Robert Zemeckis,Michael J. Fox,481.918,118.5,57,1980
Mississippi Burning,1988,128,Crime,7.8,Alan Parker,Gene Hackman,88.214,34.6,65,1980
Predator,1987,107,Action,7.8,John McTiernan,Arnold Schwarzenegger,371.387,59.74,45,1980
Evil Dead II,1987,84,Action,7.8,Sam Raimi,Bruce Campbell,148.359,5.92,72,1980
Ferris Bueller's Day Off,1986,103,Comedy,7.8,John Hughes,Matthew Broderick,321.382,70.14,61,1980
Down by Law,1986,107,Comedy,7.8,Jim Jarmusch,Tom Waits,47.834,1.44,75,1980
The Goonies,1985,114,Adventure,7.8,Richard Donner,Sean Astin,244.43,61.5,62,1980
The Color Purple,1985,154,Drama,7.8,Steven Spielberg,Danny Glover,78.321,98.47,78,1980
The Breakfast Club,1985,97,Comedy,7.8,John Hughes,Emilio Estevez,357.026,45.88,66,1980
The Killing Fields,1984,141,Biography,7.8,Roland Joffé,Sam Waterston,51.585,34.7,76,1980
Ghostbusters,1984,105,Action,7.8,Ivan Reitman,Bill Murray,355.413,238.63,71,1980
The Right Stuff,1983,193,Adventure,7.8,Philip Kaufman,Sam Shepard,56.235,21.5,91,1980
The King of Comedy,1982,109,Comedy,7.8,Martin Scorsese,Robert De Niro,88.511,2.5,73,1980
E.T. the Extra-Terrestrial,1982,115,Family,7.8,Steven Spielberg,Henry Thomas,372.49,435.11,91,1980
Kramer vs. Kramer,1979,105,Drama,7.8,Robert Benton,Dustin Hoffman,133.351,106.26,77,1970
Days of Heaven,1978,94,Drama,7.8,Terrence Malick,Richard Gere,52.852,116.45,93,1970
The Outlaw Josey Wales,1976,135,Western,7.8,Clint Eastwood,Clint Eastwood,65.659,31.8,69,1970
The Man Who Would Be King,1975,129,Adventure,7.8,John Huston,Sean Connery,44.917,335.86,91,1970
The Conversation,1974,113,Drama,7.8,Francis Ford Coppola,Gene Hackman,98.611,4.42,85,1970
La planète sauvage,1973,72,Animation,7.8,René Laloux,Barry Bostwick,25.229,0.19,73,1970
The Day of the Jackal,1973,143,Crime,7.8,Fred Zinnemann,Edward Fox,37.445,16.06,80,1970
Badlands,1973,94,Action,7.8,Terrence Malick,Martin Sheen,66.009,88.12,93,1970
Cabaret,1972,124,Drama,7.8,Bob Fosse,Liza Minnelli,48.334,42.76,80,1970
Willy Wonka & the Chocolate Factory,1971,100,Family,7.8,Mel Stuart,Gene Wilder,178.731,4.0,67,1970
Midnight Cowboy,1969,113,Drama,7.8,John Schlesinger,Dustin Hoffman,101.124,44.79,79,1960
Wait Until Dark,1967,108,Thriller,7.8,Terence Young,Audrey Hepburn,27.733,17.55,81,1960
Guess Who's Coming to Dinner,1967,108,Comedy,7.8,Stanley Kramer,Spencer Tracy,39.642,56.7,63,1960
Bonnie and Clyde,1967,111,Action,7.8,Arthur Penn,Warren Beatty,102.415,909.84,86,1960
My Fair Lady,1964,170,Drama,7.8,George Cukor,Audrey Hepburn,86.525,72.0,95,1960
Mary Poppins,1964,139,Comedy,7.8,Robert Stevenson,Julie Andrews,158.029,102.27,88,1960
The Longest Day,1962,178,Action,7.8,Ken Annakin,Andrew Marton,52.141,39.1,75,1960
Jules et Jim,1962,105,Drama,7.8,François Truffaut,Jeanne Moreau,37.605,819.57,97,1960
The Innocents,1961,100,Horror,7.8,Jack Clayton,Deborah Kerr,27.007,2.62,88,1960
À bout de souffle,1960,90,Crime,7.8,Jean-Luc Godard,Jean-Paul Belmondo,73.251,0.34,79,1960
Red River,1948,133,Action,7.8,Howard Hawks,Arthur Rosson,28.167,116.16,79,1940
Key Largo,1948,100,Action,7.8,John Huston,Humphrey Bogart,36.995,55.94,79,1940
To Have and Have Not,1944,100,Adventure,7.8,Howard Hawks,Humphrey Bogart,31.053,477.61,79,1940
Shadow of a Doubt,1943,108,Film-Noir,7.8,Alfred Hitchcock,Teresa Wright,59.556,123.35,94,1940
Stagecoach,1939,96,Adventure,7.8,John Ford,John Wayne,43.621,404.97,93,1930
The Lady Vanishes,1938,96,Mystery,7.8,Alfred Hitchcock,Margaret Lockwood,47.4,474.2,98,1930
Bringing Up Baby,1938,102,Comedy,7.8,Howard Hawks,Katharine Hepburn,55.163,152.24,91,1930
Bride of Frankenstein,1935,75,Drama,7.8,James Whale,Boris Karloff,43.542,4.36,95,1930
Duck Soup,1933,69,Comedy,7.8,Leo McCarey,Groucho Marx,55.581,350.2,93,1930
Scarface: The Shame of the Nation,1932,93,Action,7.8,Howard Hawks,Richard Rosson,25.312,82.9,87,1930
Frankenstein,1931,70,Drama,7.8,James Whale,Colin Clive,65.341,63.62,91,1930
Roma,2018,135,Drama,7.7,Alfonso Cuarón,Yalitza Aparicio,140.375,557.87,96,2010
God's Own Country,2017,104,Drama,7.7,Francis Lee,Josh O'Connor,25.198,0.34,85,2010
Deadpool 2,2018,119,Action,7.7,David Leitch,Ryan Reynolds,478.586,324.59,66,2010
Wind River,2017,107,Crime,7.7,Taylor Sheridan,Kelsey Asbille,205.444,33.8,73,2010
Get Out,2017,104,Horror,7.7,Jordan Peele,Daniel Kaluuya,492.851,176.04,85,2010
Mission: Impossible - Fallout,2018,147,Action,7.7,Christopher McQuarrie,Tom Cruise,291.257,220.16,86,2010
En man som heter Ove,2015,116,Comedy,7.7,Hannes Holm,Rolf Lassgård,47.444,3.36,70,2010
What We Do in the Shadows,2014,86,Comedy,7.7,Jemaine Clement,Taika Waititi,157.498,3.33,76,2010
Omoide no Mânî,2014,103,Animation,7.7,James Simone,Hiromasa Yonebayashi,32.798,0.77,72,2010
The Theory of Everything,2014,123,Biography,7.7,James Marsh,Eddie Redmayne,404.182,35.89,72,2010
Kingsman: The Secret Service,2014,129,Action,7.7,Matthew Vaughn,Colin Firth,590.44,128.26,60,2010
The Fault in Our Stars,2014,126,Drama,7.7,Josh Boone,Shailene Woodley,344.312,124.87,69,2010
Me and Earl and the Dying Girl,2015,105,Comedy,7.7,Alfonso Gomez-Rejon,Thomas Mann,123.21,6.74,74,2010
Birdman or (The Unexpected Virtue of Ignorance),2014,119,Comedy,7.7,Alejandro G. Iñárritu,Michael Keaton,580.291,42.34,87,2010
La vie d'Adèle,2013,180,Drama,7.7,Abdellatif Kechiche,Léa Seydoux,138.741,2.2,89,2010
Kai po che!,2013,130,Drama,7.7,Abhishek Kapoor,Amit Sadh,32.628,1.12,40,2010
The Broken Circle Breakdown,2012,111,Drama,7.7,Felix van Groeningen,Veerle Baetens,39.379,0.18,70,2010
Captain America: The Winter Soldier,2014,136,Action,7.7,Anthony Russo,Joe Russo,736.182,259.77,70,2010
Rockstar,2011,159,Drama,7.7,Imtiaz Ali,Ranbir Kapoor,39.501,0.99,79,2010
Nebraska,2013,115,Adventure,7.7,Alexander Payne,Bruce Dern,112.298,17.65,87,2010
Wreck-It Ralph,2012,101,Animation,7.7,Rich Moore,John C. Reilly,380.195,189.42,72,2010
Le Petit Prince,2015,108,Animation,7.7,Mark Osborne,Jeff Bridges,56.72,1.34,70,2010
Detachment,2011,98,Drama,7.7,Tony Kaye,Adrien Brody,77.071,0.07,52,2010
Midnight in Paris,2011,96,Comedy,7.7,Woody Allen,Owen Wilson,388.089,56.82,81,2010
The Lego Movie,2014,100,Animation,7.7,Christopher Miller,Phil Lord,323.982,257.76,83,2010
Gravity,2013,91,Drama,7.7,Alfonso Cuarón,Sandra Bullock,769.145,274.09,96,2010
Star Trek Into Darkness,2013,132,Action,7.7,J.J. Abrams,Chris Pine,463.188,228.78,72,2010
Beasts of No Nation,2015,137,Drama,7.7,Cary Joji Fukunaga,Abraham Attah,73.964,0.08,79,2010
The Social Network,2010,120,Biography,7.7,David Fincher,Jesse Eisenberg,624.982,96.96,95,2010
X: First Class,2011,131,Action,7.7,Matthew Vaughn,James McAvoy,645.512,146.41,65,2010
The Hangover,2009,100,Comedy,7.7,Todd Phillips,Zach Galifianakis,717.559,277.32,73,2000
Skyfall,2012,143,Action,7.7,Sam Mendes,Daniel Craig,630.614,304.36,81,2010
Silver Linings Playbook,2012,122,Comedy,7.7,David O. Russell,Bradley Cooper,661.871,132.09,81,2010
Argo,2012,120,Biography,7.7,Ben Affleck,Ben Affleck,572.581,136.03,86,2010
(500) Days of Summer,2009,95,Comedy,7.7,Marc Webb,Zooey Deschanel,472.242,32.39,76,2000
Harry Potter and the Deathly Hallows: Part 1,2010,146,Adventure,7.7,David Yates,Daniel Radcliffe,479.12,295.98,65,2010
Gake no ue no Ponyo,2008,101,Animation,7.7,Hayao Miyazaki,Cate Blanchett,125.317,15.09,86,2000
Frost/Nixon,2008,122,Biography,7.7,Ron Howard,Frank Langella,103.33,18.59,80,2000
Papurika,2006,90,Animation,7.7,Satoshi Kon,Megumi Hayashibara,71.379,0.88,81,2000
Changeling,2008,141,Biography,7.7,Clint Eastwood,Angelina Jolie,239.203,35.74,63,2000
Flipped,2010,90,Comedy,7.7,Rob Reiner,Madeline Carroll,81.446,1.75,45,2010
Toki o kakeru shôjo,2006,98,Animation,7.7,Mamoru Hosoda,Riisa Naka,60.368,329.53,79,2000
Death Note: Desu nôto,2006,126,Crime,7.7,Shûsuke Kaneko,Tatsuya Fujiwara,28.63,207.14,79,2000
This Is England,2006,101,Crime,7.7,Shane Meadows,Thomas Turgoose,115.576,0.33,86,2000
Ex Machina,2014,108,Drama,7.7,Alex Garland,Alicia Vikander,474.141,25.44,78,2010
Efter brylluppet,2006,120,Drama,7.7,Susanne Bier,Mads Mikkelsen,32.001,0.41,78,2000
The Last King of Scotland,2006,123,Biography,7.7,Kevin Macdonald,James McAvoy,175.355,17.61,74,2000
Zodiac,2007,157,Crime,7.7,David Fincher,Jake Gyllenhaal,466.08,33.08,78,2000
Lucky Number Slevin,2006,110,Action,7.7,Paul McGuigan,Josh Hartnett,299.524,22.49,53,2000
Joyeux Noël,2005,116,Drama,7.7,Christian Carion,Diane Kruger,28.003,1.05,70,2000
Control,2007,122,Biography,7.7,Anton Corbijn,Sam Riley,61.609,0.87,78,2000
Tangled,2010,100,Animation,7.7,Nathan Greno,Byron Howard,405.922,200.82,71,2010
Zwartboek,2006,145,Drama,7.7,Paul Verhoeven,Carice van Houten,72.643,4.4,71,2000
Brokeback Mountain,2005,134,Drama,7.7,Ang Lee,Jake Gyllenhaal,323.103,83.04,87,2000
3:10 to Yuma,2007,122,Action,7.7,James Mangold,Russell Crowe,288.797,53.61,76,2000
Crash,2004,112,Crime,7.7,Paul Haggis,Don Cheadle,419.483,54.58,66,2000
Kung fu,2004,99,Action,7.7,Stephen Chow,Stephen Chow,127.25,17.11,78,2000
The Bourne Supremacy,2004,108,Action,7.7,Paul Greengrass,Matt Damon,434.841,176.24,73,2000
The Machinist,2004,101,Drama,7.7,Brad Anderson,Christian Bale,358.432,1.08,61,2000
Ray,2004,152,Biography,7.7,Taylor Hackford,Jamie Foxx,138.356,75.33,73,2000
Lost in Translation,2003,102,Comedy,7.7,Sofia Coppola,Bill Murray,415.074,44.59,89,2000
Harry Potter and the Goblet of Fire,2005,157,Adventure,7.7,Mike Newell,Daniel Radcliffe,548.619,290.01,81,2000
Man on Fire,2004,146,Action,7.7,Tony Scott,Denzel Washington,329.592,77.91,47,2000
Coraline,2009,100,Animation,7.7,Henry Selick,Dakota Fanning,197.761,75.29,80,2000
The Last Samurai,2003,154,Action,7.7,Edward Zwick,Tom Cruise,400.049,111.11,55,2000
The Magdalene Sisters,2002,114,Drama,7.7,Peter Mullan,Eileen Walsh,25.938,4.89,83,2000
Good Bye Lenin!,2003,121,Comedy,7.7,Wolfgang Becker,Daniel Brühl,137.981,4.06,68,2000
In America,2002,105,Drama,7.7,Jim Sheridan,Paddy Considine,40.403,15.54,76,2000
I Am Sam,2001,132,Drama,7.7,Jessie Nelson,Sean Penn,142.863,40.31,28,2000
Adaptation.,2002,115,Comedy,7.7,Spike Jonze,Nicolas Cage,178.565,22.25,83,2000
Black Hawk Down,2001,144,Drama,7.7,Ridley Scott,Josh Hartnett,364.254,108.64,74,2000
Road to Perdition,2002,117,Crime,7.7,Sam Mendes,Tom Hanks,246.84,104.45,72,2000
Das Experiment,2001,120,Drama,7.7,Oliver Hirschbiegel,Moritz Bleibtreu,90.842,0.14,60,2000
Billy Elliot,2000,110,Drama,7.7,Stephen Daldry,Jamie Bell,126.77,22.0,74,2000
Hedwig and the Angry Inch,2001,95,Comedy,7.7,John Cameron Mitchell,John Cameron Mitchell,31.957,3.03,85,2000
Ocean's Eleven,2001,116,Crime,7.7,Steven Soderbergh,George Clooney,516.372,183.42,74,2000
Vampire Hunter D: Bloodlust,2000,103,Animation,7.7,Yoshiaki Kawajiri,Andrew Philpot,29.21,0.15,62,2000
"O Brother, Where Art Thou?",2000,107,Adventure,7.7,Joel Coen,Ethan Coen,286.742,45.51,69,2000
Interstate 60: Episodes of the Road,2002,116,Adventure,7.7,Bob Gale,James Marsden,29.999,174.38,79,2000
"South Park: Bigger, Longer & Uncut",1999,81,Animation,7.7,Trey Parker,Trey Parker,192.112,52.04,73,1990
Office Space,1999,89,Comedy,7.7,Mike Judge,Ron Livingston,241.575,10.82,68,1990
Happiness,1998,134,Comedy,7.7,Todd Solondz,Jane Adams,66.408,2.81,81,1990
Training Day,2001,122,Crime,7.7,Antoine Fuqua,Denzel Washington,390.247,76.63,69,2000
Rushmore,1998,93,Comedy,7.7,Wes Anderson,Jason Schwartzman,169.229,17.11,86,1990
Abre los ojos,1997,119,Drama,7.7,Alejandro Amenábar,Eduardo Noriega,64.082,0.37,79,1990
Being John Malkovich,1999,113,Comedy,7.7,Spike Jonze,John Cusack,312.542,22.86,90,1990
As Good as It Gets,1997,139,Comedy,7.7,James L. Brooks,Jack Nicholson,275.755,148.48,67,1990
The Fifth Element,1997,126,Action,7.7,Luc Besson,Bruce Willis,434.125,63.54,52,1990
Le dîner de cons,1998,80,Comedy,7.7,Francis Veber,Thierry Lhermitte,37.424,4.07,73,1990
Donnie Brasco,1997,127,Biography,7.7,Mike Newell,Al Pacino,279.318,41.91,76,1990
Shine,1996,105,Biography,7.7,Scott Hicks,Geoffrey Rush,51.35,35.81,87,1990
Primal Fear,1996,129,Crime,7.7,Gregory Hoblit,Richard Gere,189.716,56.12,47,1990
Hamlet,1996,242,Drama,7.7,Kenneth Branagh,Kenneth Branagh,35.991,4.41,79,1990
A Little Princess,1995,97,Drama,7.7,Alfonso Cuarón,Liesel Matthews,32.236,10.02,83,1990
Do lok tin si,1995,99,Comedy,7.7,Kar-Wai Wong,Leon Lai,26.429,182.93,71,1990
Il postino,1994,108,Biography,7.7,Michael Radford,Massimo Troisi,33.6,21.85,81,1990
Clerks,1994,92,Comedy,7.7,Kevin Smith,Brian O'Halloran,211.45,3.15,70,1990
Short Cuts,1993,188,Comedy,7.7,Robert Altman,Andie MacDowell,42.275,6.11,79,1990
Philadelphia,1993,125,Drama,7.7,Jonathan Demme,Tom Hanks,224.169,77.32,66,1990
The Muppet Christmas Carol,1992,85,Comedy,7.7,Brian Henson,Michael Caine,50.298,27.28,64,1990
Malcolm X,1992,202,Biography,7.7,Spike Lee,Denzel Washington,85.819,48.17,73,1990
The Last of the Mohicans,1992,112,Action,7.7,Michael Mann,Daniel Day-Lewis,150.409,75.51,76,1990
Kurenai no buta,1992,94,Animation,7.7,Hayao Miyazaki,Shûichirô Moriyama,77.798,871.54,83,1990
Glengarry Glen Ross,1992,100,Crime,7.7,James Foley,Al Pacino,95.826,10.73,82,1990
A Few Good Men,1992,138,Drama,7.7,Rob Reiner,Tom Cruise,235.388,141.34,62,1990
Fried Green Tomatoes,1991,130,Drama,7.7,Jon Avnet,Kathy Bates,66.941,82.42,64,1990
Barton Fink,1991,116,Comedy,7.7,Joel Coen,Ethan Coen,113.24,6.15,69,1990
Miller's Crossing,1990,115,Crime,7.7,Joel Coen,Ethan Coen,125.822,5.08,66,1990
Who Framed Roger Rabbit,1988,104,Animation,7.7,Robert Zemeckis,Bob Hoskins,182.009,156.45,83,1980
Spoorloos,1988,107,Mystery,7.7,George Sluizer,Bernard-Pierre Donnadieu,33.982,367.92,79,1980
Withnail & I,1987,107,Comedy,7.7,Bruce Robinson,Richard E. Grant,40.396,1.54,84,1980
The Last Emperor,1987,163,Biography,7.7,Bernardo Bertolucci,John Lone,94.326,43.98,76,1980
Empire of the Sun,1987,153,Action,7.7,Steven Spielberg,Christian Bale,115.677,22.24,62,1980
Der Name der Rose,1986,130,Crime,7.7,Jean-Jacques Annaud,Sean Connery,102.031,7.15,54,1980
Blue Velvet,1986,120,Drama,7.7,David Lynch,Isabella Rossellini,181.285,8.55,76,1980
The Purple Rose of Cairo,1985,82,Comedy,7.7,Woody Allen,Mia Farrow,47.102,10.63,75,1980
After Hours,1985,97,Comedy,7.7,Martin Scorsese,Griffin Dunne,59.635,10.6,90,1980
Zelig,1983,79,Comedy,7.7,Woody Allen,Woody Allen,39.881,11.8,79,1980
The Verdict,1982,129,Drama,7.7,Sidney Lumet,Paul Newman,36.096,54.0,77,1980
Star Trek II: The Wrath of Khan,1982,113,Action,7.7,Nicholas Meyer,William Shatner,112.704,78.91,67,1980
First Blood,1982,93,Action,7.7,Ted Kotcheff,Sylvester Stallone,226.541,47.21,61,1980
Ordinary People,1980,124,Drama,7.7,Robert Redford,Donald Sutherland,47.099,54.8,86,1980
Airplane!,1980,88,Comedy,7.7,Jim Abrahams,David Zucker,214.882,83.4,78,1980
Rupan sansei: Kariosutoro no shiro,1979,100,Animation,7.7,Hayao Miyazaki,Yasuo Yamada,27.014,762.25,71,1970
Halloween,1978,91,Horror,7.7,John Carpenter,Donald Pleasence,233.106,47.0,87,1970
Le locataire,1976,126,Drama,7.7,Roman Polanski,Roman Polanski,39.889,1.92,71,1970
Love and Death,1975,85,Comedy,7.7,Woody Allen,Woody Allen,36.037,745.17,89,1970
The Taking of Pelham One Two Three,1974,104,Action,7.7,Joseph Sargent,Walter Matthau,26.729,660.26,68,1970
Blazing Saddles,1974,93,Comedy,7.7,Mel Brooks,Cleavon Little,125.993,119.5,73,1970
Serpico,1973,130,Biography,7.7,Sidney Lumet,Al Pacino,109.941,29.8,87,1970
Enter the Dragon,1973,102,Action,7.7,Robert Clouse,Bruce Lee,96.561,25.0,83,1970
Deliverance,1972,109,Adventure,7.7,John Boorman,Jon Voight,98.74,7.06,80,1970
The French Connection,1971,104,Action,7.7,William Friedkin,Gene Hackman,110.075,15.63,94,1970
Dirty Harry,1971,102,Action,7.7,Don Siegel,Clint Eastwood,143.292,35.9,90,1970
Where Eagles Dare,1968,158,Action,7.7,Brian G. Hutton,Richard Burton,51.913,856.77,63,1960
The Odd Couple,1968,105,Comedy,7.7,Gene Saks,Jack Lemmon,31.572,44.53,86,1960
The Dirty Dozen,1967,150,Action,7.7,Robert Aldrich,Lee Marvin,67.183,45.3,73,1960
Belle de jour,1967,100,Drama,7.7,Luis Buñuel,Catherine Deneuve,40.274,0.03,79,1960
A Man for All Seasons,1966,120,Biography,7.7,Fred Zinnemann,Paul Scofield,31.222,28.35,72,1960
Repulsion,1965,105,Drama,7.7,Roman Polanski,Catherine Deneuve,48.883,440.7,91,1960
Zulu,1964,138,Drama,7.7,Cy Endfield,Stanley Baker,35.999,790.23,77,1960
Goldfinger,1964,110,Action,7.7,Guy Hamilton,Sean Connery,174.119,51.08,87,1960
The Birds,1963,119,Drama,7.7,Alfred Hitchcock,Rod Taylor,171.739,11.4,90,1960
Cape Fear,1962,106,Drama,7.7,J. Lee Thompson,Gregory Peck,26.457,863.39,76,1960
Peeping Tom,1960,101,Drama,7.7,Michael Powell,Karlheinz Böhm,31.354,0.08,79,1960
The Magnificent Seven,1960,128,Action,7.7,John Sturges,Yul Brynner,87.719,4.9,74,1960
Les yeux sans visage,1960,90,Drama,7.7,Georges Franju,Pierre Brasseur,27.62,0.05,90,1960
Invasion of the Body Snatchers,1956,80,Drama,7.7,Don Siegel,Kevin McCarthy,44.839,244.0,92,1950
Rebel Without a Cause,1955,111,Drama,7.7,Nicholas Ray,James Dean,83.363,293.03,89,1950
The Ladykillers,1955,91,Comedy,7.7,Alexander Mackendrick,Alec Guinness,26.464,333.32,91,1950
Sabrina,1954,113,Comedy,7.7,Billy Wilder,Humphrey Bogart,59.415,199.53,72,1950
The Quiet Man,1952,129,Comedy,7.7,John Ford,John Wayne,34.677,10.55,79,1950
The Day the Earth Stood Still,1951,92,Drama,7.7,Robert Wise,Michael Rennie,76.315,895.07,79,1950
The African Queen,1951,105,Adventure,7.7,John Huston,Humphrey Bogart,71.481,0.54,91,1950
Gilda,1946,110,Drama,7.7,Charles Vidor,Rita Hayworth,27.991,532.23,79,1940
Fantasia,1940,125,Animation,7.7,James Algar,Samuel Armstrong,88.662,76.41,96,1940
The Invisible Man,1933,71,Horror,7.7,James Whale,Claude Rains,30.683,298.79,87,1930
Dark Waters,2019,126,Biography,7.6,Todd Haynes,Mark Ruffalo,60.408,428.17,73,2010
Searching,2018,102,Drama,7.6,Aneesh Chaganty,John Cho,140.84,26.02,71,2010
Once Upon a Time... in Hollywood,2019,161,Comedy,7.6,Quentin Tarantino,Leonardo DiCaprio,551.309,142.5,83,2010
Nelyubov,2017,127,Drama,7.6,Andrey Zvyagintsev,Maryana Spivak,29.765,0.57,86,2010
The Florida Project,2017,111,Drama,7.6,Sean Baker,Brooklynn Prince,95.181,5.9,92,2010
Just Mercy,2019,137,Biography,7.6,Destin Daniel Cretton,Michael B. Jordan,46.739,279.5,68,2010
Gifted,2017,101,Drama,7.6,Marc Webb,Chris Evans,99.643,24.8,60,2010
The Peanut Butter Falcon,2019,97,Adventure,7.6,Tyler Nilson,Michael Schwartz,66.346,13.12,70,2010
Victoria,2015,138,Crime,7.6,Sebastian Schipper,Laia Costa,52.903,718.1,77,2010
Mustang,2015,97,Drama,7.6,Deniz Gamze Ergüven,Günes Sensoy,35.785,0.85,83,2010
Guardians of the Galaxy Vol. 2,2017,136,Action,7.6,James Gunn,Chris Pratt,569.974,389.81,67,2010
Baby Driver,2017,113,Action,7.6,Edgar Wright,Ansel Elgort,439.406,107.83,86,2010
Only the Brave,2017,134,Action,7.6,Joseph Kosinski,Josh Brolin,58.371,18.34,72,2010
Bridge of Spies,2015,142,Drama,7.6,Steven Spielberg,Tom Hanks,287.659,72.31,81,2010
Incredibles 2,2018,118,Animation,7.6,Brad Bird,Craig T. Nelson,250.057,608.58,80,2010
Moana,2016,107,Animation,7.6,Ron Clements,John Musker,272.784,248.76,81,2010
Sicario,2015,121,Action,7.6,Denis Villeneuve,Emily Blunt,371.291,46.89,82,2010
Creed,2015,133,Drama,7.6,Ryan Coogler,Michael B. Jordan,247.666,109.77,82,2010
Leviafan,2014,140,Crime,7.6,Andrey Zvyagintsev,Aleksey Serebryakov,49.397,1.09,92,2010
Hell or High Water,2016,102,Action,7.6,David Mackenzie,Chris Pine,204.175,26.86,88,2010
Philomena,2013,98,Biography,7.6,Stephen Frears,Judi Dench,94.212,37.71,77,2010
Dawn of the Planet of the Apes,2014,130,Action,7.6,Matt Reeves,Gary Oldman,411.599,208.55,79,2010
El cuerpo,2012,112,Mystery,7.6,Oriol Paulo,Jose Coronado,57.549,140.34,79,2010
Serbuan maut,2011,101,Action,7.6,Gareth Evans,Iko Uwais,190.531,4.11,73,2010
End of Watch,2012,109,Action,7.6,David Ayer,Jake Gyllenhaal,228.132,41.0,68,2010
Kari-gurashi no Arietti,2010,94,Animation,7.6,Hiromasa Yonebayashi,Amy Poehler,80.939,19.2,80,2010
A Star Is Born,2018,136,Drama,7.6,Bradley Cooper,Lady Gaga,334.312,215.29,88,2010
True Grit,2010,110,Drama,7.6,Ethan Coen,Joel Coen,311.822,171.24,80,2010
Hævnen,2010,118,Drama,7.6,Susanne Bier,Mikael Persbrandt,38.491,1.01,65,2010
Despicable Me,2010,95,Animation,7.6,Pierre Coffin,Chris Renaud,500.851,251.51,72,2010
50/50,2011,100,Comedy,7.6,Jonathan Levine,Joseph Gordon-Levitt,315.426,35.01,72,2010
Kick-Ass,2010,117,Action,7.6,Matthew Vaughn,Aaron Taylor-Johnson,524.081,48.07,66,2010
Celda 211,2009,113,Action,7.6,Daniel Monzón,Luis Tosar,63.882,242.11,79,2000
Moneyball,2011,133,Biography,7.6,Bennett Miller,Brad Pitt,369.529,75.61,87,2010
La piel que habito,2011,120,Drama,7.6,Pedro Almodóvar,Antonio Banderas,138.959,3.19,70,2010
Zombieland,2009,88,Adventure,7.6,Ruben Fleischer,Jesse Eisenberg,520.041,75.59,73,2000
Die Welle,2008,107,Drama,7.6,Dennis Gansel,Jürgen Vogel,102.742,924.56,79,2000
Sherlock Holmes,2009,128,Action,7.6,Guy Ritchie,Robert Downey Jr.,583.158,209.03,57,2000
The Blind Side,2009,129,Biography,7.6,John Lee Hancock,Quinton Aaron,293.266,255.96,53,2000
The Visitor,2007,104,Drama,7.6,Tom McCarthy,Richard Jenkins,41.544,9.42,79,2000
Seven Pounds,2008,123,Drama,7.6,Gabriele Muccino,Will Smith,286.77,69.95,36,2000
Eastern Promises,2007,100,Action,7.6,David Cronenberg,Naomi Watts,227.76,17.11,82,2000
Stardust,2007,127,Adventure,7.6,Matthew Vaughn,Charlie Cox,255.036,38.63,66,2000
The Secret of Kells,2009,71,Animation,7.6,Tomm Moore,Nora Twomey,31.779,0.69,81,2000
Inside Man,2006,129,Crime,7.6,Spike Lee,Denzel Washington,339.757,88.51,76,2000
Gone Baby Gone,2007,114,Crime,7.6,Ben Affleck,Morgan Freeman,250.59,20.3,72,2000
La Vie En Rose,2007,140,Biography,7.6,Olivier Dahan,Marion Cotillard,82.781,10.3,66,2000
Huo Yuan Jia,2006,104,Action,7.6,Ronny Yu,Jet Li,72.863,24.63,70,2000
The Illusionist,2006,110,Drama,7.6,Neil Burger,Edward Norton,354.728,39.87,68,2000
Dead Man's Shoes,2004,90,Crime,7.6,Shane Meadows,Paddy Considine,49.728,0.01,52,2000
Harry Potter and the Half-Blood Prince,2009,153,Action,7.6,David Yates,Daniel Radcliffe,474.827,301.96,78,2000
300,2006,117,Action,7.6,Zack Snyder,Gerard Butler,732.876,210.61,52,2000
Match Point,2005,124,Drama,7.6,Woody Allen,Scarlett Johansson,206.294,23.09,72,2000
Watchmen,2009,162,Action,7.6,Zack Snyder,Jackie Earle Haley,500.799,107.51,56,2000
Lord of War,2005,122,Action,7.6,Andrew Niccol,Nicolas Cage,294.14,24.15,62,2000
Saw,2004,103,Horror,7.6,James Wan,Cary Elwes,379.02,56.0,46,2000
"Synecdoche, New York",2008,124,Drama,7.6,Charlie Kaufman,Philip Seymour Hoffman,83.158,3.08,67,2000
Mysterious Skin,2004,105,Drama,7.6,Gregg Araki,Brady Corbet,65.939,0.7,73,2000
Jeux d'enfants,2003,93,Comedy,7.6,Yann Samuell,Guillaume Canet,67.36,0.55,45,2000
Un long dimanche de fiançailles,2004,133,Drama,7.6,Jean-Pierre Jeunet,Audrey Tautou,70.925,6.17,76,2000
The Station Agent,2003,89,Comedy,7.6,Tom McCarthy,Peter Dinklage,67.37,5.74,81,2000
21 Grams,2003,124,Crime,7.6,Alejandro G. Iñárritu,Sean Penn,224.545,16.29,70,2000
Boksuneun naui geot,2002,129,Crime,7.6,Chan-wook Park,Kang-ho Song,62.659,0.05,56,2000
Finding Neverland,2004,106,Biography,7.6,Marc Forster,Johnny Depp,198.677,51.68,67,2000
25th Hour,2002,135,Drama,7.6,Spike Lee,Edward Norton,169.708,13.06,68,2000
The Butterfly Effect,2004,113,Drama,7.6,Eric Bress,J. Mackye Gruber,451.479,57.94,30,2000
28 Days Later...,2002,113,Drama,7.6,Danny Boyle,Cillian Murphy,376.853,45.06,73,2000
Batoru rowaiaru,2000,114,Action,7.6,Kinji Fukasaku,Tatsuya Fujiwara,169.091,195.86,81,2000
The Royal Tenenbaums,2001,110,Comedy,7.6,Wes Anderson,Gene Hackman,266.842,52.36,76,2000
Y tu mamá también,2001,106,Drama,7.6,Alfonso Cuarón,Maribel Verdú,115.827,13.62,88,2000
Harry Potter and the Sorcerer's Stone,2001,152,Adventure,7.6,Chris Columbus,Daniel Radcliffe,658.185,317.58,64,2000
The Others,2001,101,Horror,7.6,Alejandro Amenábar,Nicole Kidman,337.651,96.52,74,2000
Blow,2001,124,Biography,7.6,Ted Demme,Johnny Depp,240.714,52.99,52,2000
Enemy at the Gates,2001,131,Drama,7.6,Jean-Jacques Annaud,Jude Law,243.729,51.4,53,2000
Minority Report,2002,145,Action,7.6,Steven Spielberg,Tom Cruise,508.417,132.07,80,2000
The Hurricane,1999,146,Biography,7.6,Norman Jewison,Denzel Washington,91.557,50.67,74,1990
American Psycho,2000,101,Comedy,7.6,Mary Harron,Christian Bale,490.062,15.07,64,2000
Lola rennt,1998,81,Crime,7.6,Tom Tykwer,Franka Potente,188.317,7.27,77,1990
The Thin Red Line,1998,170,Drama,7.6,Terrence Malick,Jim Caviezel,172.71,36.4,78,1990
Mulan,1998,88,Animation,7.6,Tony Bancroft,Barry Cook,256.906,120.62,71,1990
Fear and Loathing in Las Vegas,1998,118,Adventure,7.6,Terry Gilliam,Johnny Depp,259.753,10.68,41,1990
Funny Games,1997,108,Crime,7.6,Michael Haneke,Susanne Lothar,65.058,217.35,69,1990
Dark City,1998,100,Mystery,7.6,Alex Proyas,Rufus Sewell,187.927,14.38,66,1990
Sleepers,1996,147,Crime,7.6,Barry Levinson,Robert De Niro,186.734,49.1,49,1990
Lost Highway,1997,134,Mystery,7.6,David Lynch,Bill Pullman,131.101,3.8,52,1990
Sense and Sensibility,1995,136,Drama,7.6,Ang Lee,Emma Thompson,102.598,43.18,84,1990
Die Hard: With a Vengeance,1995,128,Action,7.6,John McTiernan,Bruce Willis,364.42,100.01,58,1990
Dead Man,1995,121,Adventure,7.6,Jim Jarmusch,Johnny Depp,90.442,1.04,62,1990
The Bridges of Madison County,1995,135,Drama,7.6,Clint Eastwood,Clint Eastwood,73.172,71.52,69,1990
Apollo 13,1999,140,Adventure,7.6,Ron Howard,Tom Hanks,269.197,173.84,77,1990
Trois couleurs: Blanc,1994,92,Comedy,7.6,Krzysztof Kieslowski,Zbigniew Zamachowski,64.39,1.46,88,1990
Falling Down,1993,113,Action,7.6,Joel Schumacher,Michael Douglas,171.64,40.9,56,1990
Dazed and Confused,1993,102,Comedy,7.6,Richard Linklater,Jason London,165.465,7.99,78,1990
My Cousin Vinny,1992,120,Comedy,7.6,Jonathan Lynn,Joe Pesci,107.325,52.93,68,1990
Omohide poro poro,1991,118,Animation,7.6,Isao Takahata,Miki Imai,27.071,0.45,90,1990
Delicatessen,1991,99,Comedy,7.6,Marc Caro,Jean-Pierre Jeunet,80.487,1.79,66,1990
Home Alone,1990,103,Comedy,7.6,Chris Columbus,Macaulay Culkin,488.817,285.76,63,1990
The Godfather: Part III,1990,162,Crime,7.6,Francis Ford Coppola,Al Pacino,359.809,66.67,60,1990
When Harry Met Sally...,1989,95,Comedy,7.6,Rob Reiner,Billy Crystal,195.663,92.82,76,1980
The Little Mermaid,1989,83,Animation,7.6,Ron Clements,John Musker,237.696,111.54,88,1980
The Naked Gun: From the Files of Police Squad!,1988,85,Comedy,7.6,David Zucker,Leslie Nielsen,152.871,78.76,76,1980
"Planes, Trains & Automobiles",1987,93,Comedy,7.6,John Hughes,Steve Martin,124.773,49.53,72,1980
Lethal Weapon,1987,109,Action,7.6,Richard Donner,Mel Gibson,236.894,65.21,68,1980
Blood Simple,1984,99,Crime,7.6,Joel Coen,Ethan Coen,87.745,2.15,82,1980
On Golden Pond,1981,109,Drama,7.6,Mark Rydell,Katharine Hepburn,27.65,119.29,68,1980
Mad Max 2,1981,96,Action,7.6,George Miller,Mel Gibson,166.588,12.47,77,1980
The Warriors,1979,92,Action,7.6,Walter Hill,Michael Beck,93.878,22.49,65,1970
The Muppet Movie,1979,95,Adventure,7.6,James Frawley,Jim Henson,32.802,76.66,74,1970
Escape from Alcatraz,1979,112,Action,7.6,Don Siegel,Clint Eastwood,121.731,43.0,76,1970
Watership Down,1978,91,Animation,7.6,Martin Rosen,John Hubley,33.656,232.84,64,1970
Midnight Express,1978,121,Biography,7.6,Alan Parker,Brad Davis,73.662,35.0,59,1970
Close Encounters of the Third Kind,1977,138,Drama,7.6,Steven Spielberg,Richard Dreyfuss,184.966,132.09,90,1970
The Long Goodbye,1973,112,Comedy,7.6,Robert Altman,Elliott Gould,26.337,0.96,87,1970
Giù la testa,1971,157,Drama,7.6,Sergio Leone,Rod Steiger,30.144,0.7,77,1970
Kelly's Heroes,1970,144,Adventure,7.6,Brian G. Hutton,Clint Eastwood,45.338,1.38,50,1970
The Jungle Book,1967,78,Animation,7.6,Wolfgang Reitherman,Phil Harris,166.409,141.84,65,1960
Blowup,1966,111,Drama,7.6,Michelangelo Antonioni,David Hemmings,56.513,632.53,82,1960
A Hard Day's Night,1964,87,Comedy,7.6,Richard Lester,John Lennon,40.351,13.78,96,1960
Breakfast at Tiffany's,1961,115,Comedy,7.6,Blake Edwards,Audrey Hepburn,166.544,679.87,76,1960
Giant,1956,201,Drama,7.6,George Stevens,Elizabeth Taylor,34.075,195.22,84,1950
From Here to Eternity,1953,118,Drama,7.6,Fred Zinnemann,Burt Lancaster,43.374,30.5,85,1950
Lifeboat,1944,97,Drama,7.6,Alfred Hitchcock,Tallulah Bankhead,26.471,852.14,78,1940
The 39 Steps,1935,86,Crime,7.6,Alfred Hitchcock,Robert Donat,51.853,302.79,93,1930
